Area,Fieldtrip code,Sample code,Date,Location,Management,Bait type,Time in,Depth(m),Current,Wind dir.,Cloud (%),Rain (Y/N),Lat. (X),Long. (Y),Orientation,Time (mins),Period,Period time (mins),Time on seafloor,Video duration,Water temperature,Visibility,Bottom type,% water column,% obstruction,Family,Genus,Species,Genus species ,MaxN,Has fed,Comment
Praia do Tofo,19-05_TOFO,19-05_TOF_001,5/10/2019,Praia do Rocha,NR,Mackerel,9:19,13.3,0.5,SE,60,Y briefly,-23.94092,35.52575,Level,,,,,60,NR,9126.644,Sand,46,0,,,, ,,,
Praia do Tofo,19-05_TOFO,19-05_TOF_002,5/10/2019,Praia do Rocha,NR,Mackerel,9:26,10.5,0.5,SE,60,Y briefly,-23.93893,35.52551,Level,,,,,60,NR,2805.322,Sand,51,0,,,, ,,,
Praia do Tofo,19-05_TOFO,19-05_TOF_003,5/10/2019,Praia do Rocha,NR,Mackerel,9:34,10.2,0.5,SE,60,Y briefly,-23.9366,35.52666,Level,,,,,60,NR,4925.365,Seagrass,57,0,,,, ,,,
Praia do Tofo,19-05_TOFO,19-05_TOF_004,5/10/2019,Praia do Rocha,NR,Mackerel,9:41,12,0.5,SE,60,Y briefly,-23.93463,35.52864,Level,,,,,60,NR,2760.111,Patch-reef low,69,0,,,, ,,,
Praia do Tofo,19-05_TOFO,19-05_TOF_005,5/10/2019,Praia do Rocha,NR,Mackerel,9:48,12,0.5,SE,60,Y briefly,-23.93369,35.53061,Up,,,,,60,NR,8816.965,Reef high,89,0,,,, ,,,
Praia do Tofo,19-05_TOFO,19-05_TOF_006,5/10/2019,Praia do Rocha,NR,Mackerel,11:15,13.7,0.5,SE,60,Y briefly,-23.91153,35.53588,Level,,,,,60,NR,6980.948,Reef low,42,0,,,, ,,,
Praia do Tofo,19-05_TOFO,19-05_TOF_007,5/10/2019,Praia do Rocha,NR,Mackerel,11:22,18.3,0.5,SE,60,Y briefly,-23.91026,35.53849,Level,,,,,60,NR,6677.474,Sand,52,0,,,, ,,,
Praia do Tofo,19-05_TOFO,19-05_TOF_008,5/10/2019,Praia do Rocha,NR,Mackerel,11:32,14,0.5,SE,60,Y briefly,-23.90796,35.53739,Down,,,,,3,NR,4021.217,Patch-reef high,0,0,,,, ,,,
Praia do Tofo,19-05_TOFO,19-05_TOF_009,5/10/2019,Praia do Rocha,NR,Mackerel,11:39,14.2,0.5,SE,60,Y briefly,-23.90517,35.53727,Level,,,,,60,NR,3236.137,Patch-reef low,19,0,,,, ,,,
Praia do Tofo,19-05_TOFO,19-05_TOF_010,5/10/2019,Praia do Rocha,NR,Mackerel,11:44,17,0.5,SE,60,Y briefly,-23.9038,35.54007,Level,,,,,60,NR,NR,Patch-reef high,25,0,,,, ,,,
Praia do Tofo,19-05_TOFO,19-05_TOF_011,5/10/2019,Praia do Rocha,NR,Mackerel,13:02,14.3,0.5,SE,60,Y briefly,-23.88466,35.55157,Level,,,,,59,NR,NR,Sand,50,0,,,, ,,,
Praia do Tofo,19-05_TOFO,19-05_TOF_012,5/10/2019,Praia do Rocha,NR,Mackerel,13:10,13.8,0.5,SE,60,Y briefly,-23.88195,35.5509,Level,,,,,60,NR,3342.746,Sand,65,0,,,, ,,,
Praia do Tofo,19-05_TOFO,19-05_TOF_013,5/10/2019,Praia do Rocha,NR,Mackerel,13:19,15.4,0.5,SE,60,Y briefly,-23.88088,35.55343,Level,31.3321,Analysis,27.8498,3.3,60,NR,11299.456,Sand,56,0,Myliobatidae,Mobula,sp.,Mobula sp.,1,No,
Praia do Tofo,19-05_TOFO,19-05_TOF_014,5/10/2019,Praia do Rocha,NR,Mackerel,13:25,15,0.5,SE,60,Y briefly,-23.87854,35.55447,Level,,,,,60,NR,5828.919,Sand,56,0,,,, ,,,
Praia do Tofo,19-05_TOFO,19-05_TOF_015,5/10/2019,Praia do Rocha,NR,Mackerel,13:31,10,0.5,SE,60,Y briefly,-23.87592,35.55403,Level,,,,,60,NR,6686.987,Sand,55,0,,,, ,,,
Praia do Tofo,19-05_TOFO,19-05_TOF_016,5/11/2019,Barra,NR,Mackerel,8:39,26.3,0.5,SE,70,Y briefly,-23.66515,35.585006,Up,,,,,60,NR,10744.552,Patch-reef high,100,0,,,, ,,,
Praia do Tofo,19-05_TOFO,19-05_TOF_017,5/11/2019,Barra,NR,Mackerel,8:59,30.9,0.5,SE,70,Y briefly,-23.66632,35.584823,Level,17.0287,Analysis,14.9013,2.1,60,NR,9305.357,Patch-reef high,42,0,Carcharhinidae,Carcharhinus,amblyrhynchos,Carcharhinus amblyrhynchos,1,No,
Praia do Tofo,19-05_TOFO,19-05_TOF_018,5/11/2019,Barra,NR,Mackerel,9:17,32,0.5,SE,70,Y briefly,-23.67225,35.58251,Level,,,,,60,NR,9664.108,Reef low,56,0,,,, ,,,
Praia do Tofo,19-05_TOFO,19-05_TOF_019,5/11/2019,Barra,NR,Mackerel,9:20,27.4,0.5,SE,70,Y briefly,-23.67438,35.58184,Level,2.7069,Analysis,0.5336,2.1,60,NR,10197.46,Reef high,62,0,Carcharhinidae,Carcharhinus,amblyrhynchos,Carcharhinus amblyrhynchos,1,No,
Praia do Tofo,19-05_TOFO,19-05_TOF_020,5/11/2019,Barra,NR,Mackerel,9:25,31,0.5,SE,70,Y briefly,-23.67913,35.581,Level,53.4306,Analysis,50.9373,2.3,60,NR,NR,Reef low,51,0,Carcharhinidae,Carcharhinus,amblyrhynchos,Carcharhinus amblyrhynchos,1,No,
Praia do Tofo,19-05_TOFO,19-05_TOF_021,5/11/2019,Barra,NR,Mackerel,10:48,23,1,SE,70,Y briefly,-23.70575,35.56772,Level,31.948,Analysis,29.9138,1.5,60,NR,NR,Reef low,56,0,Carcharhinidae,Carcharhinus,amblyrhynchos,Carcharhinus amblyrhynchos,1,No,
Praia do Tofo,19-05_TOFO,19-05_TOF_022,5/11/2019,Barra,NR,Mackerel,10:55,30.5,1,SE,70,Y briefly,-23.70763,35.56629,Level,47.7972,Analysis,44.77,3,60,NR,8798.317,Patch-reef low,58,0,Myliobatidae,Mobula,kuhlii,Mobula kuhlii,2,No,
Praia do Tofo,19-05_TOFO,19-05_TOF_023,5/11/2019,Barra,NR,Mackerel,11:03,29,1,SE,70,Y briefly,-23.71064,35.56808,Level,44.4569,Analysis,42.9974,1.3,60,NR,5986.776,Reef low,83,0,Rhinobatidae,Acroteriobatus,leucospilus,Acroteriobatus leucospilus,1,No,
Praia do Tofo,19-05_TOFO,19-05_TOF_024,5/11/2019,Barra,NR,Mackerel,11:09,26.5,1,SE,70,Y briefly,-23.71319,35.56711,Level,7.0034,Analysis,5.1996,1.5,60,NR,7392.343,Reef low,54,0,Carcharhinidae,Carcharhinus,amblyrhynchos,Carcharhinus amblyrhynchos,1,No,
Praia do Tofo,19-05_TOFO,19-05_TOF_024,5/11/2019,Barra,NR,Mackerel,11:09,26.5,1,SE,70,Y briefly,-23.71319,35.56711,Level,39.0034,Analysis,37.1997,1.5,60,NR,7392.343,Reef low,54,0,Carcharhinidae,Triaenodon,obesus,Triaenodon obesus,1,No,
Praia do Tofo,19-05_TOFO,19-05_TOF_025,5/11/2019,Barra,NR,Mackerel,11:14,32.2,1,SE,70,Y briefly,-23.71529,35.56546,Level,3.8007,Analysis,1.4862,2.2,60,NR,13783.67,Patch-reef low,73,0,Myliobatidae,Mobula,kuhlii,Mobula kuhlii,1,No,
Praia do Tofo,19-05_TOFO,19-05_TOF_026,5/11/2019,Tofo,NR,Mackerel,13:12,36,0.5,SE,70,Y briefly,-23.8144,35.562,Level,,,,,60,NR,8781.996,Sand,53,0,,,, ,,,
Praia do Tofo,19-05_TOFO,19-05_TOF_027,5/11/2019,Tofo,NR,Mackerel,13:18,33.6,0.5,SE,70,Y briefly,-23.81686,35.56078,Up,,,,,60,NR,1763.966,Sand,100,0,,,, ,,,
Praia do Tofo,19-05_TOFO,19-05_TOF_028,5/11/2019,Tofo,NR,Mackerel,13:24,28,0.5,SE,70,Y briefly,-23.81688,35.56488,Level,,,,,60,NR,10029.325,Patch-reef high,2,0,,,, ,,,
Praia do Tofo,19-05_TOFO,19-05_TOF_029,5/11/2019,Tofo,NR,Mackerel,13:31,34.8,0.5,SE,70,Y briefly,-23.81966,35.5653,Level,6.2518,Analysis 1,3.3809,7.1,60,NR,12811.703,Reef low,59,0,Carcharhinidae,Carcharhinus,leucas,Carcharhinus leucas,1,No,
Praia do Tofo,19-05_TOFO,19-05_TOF_029,5/11/2019,Tofo,NR,Mackerel,13:31,34.8,0.5,SE,70,Y briefly,-23.81966,35.5653,Level,57.0125,Analysis 2 Shift in position,49.8729,7.1,60,NR,12811.703,Reef low,59,0,Carcharhinidae,Carcharhinus,limbatus,Carcharhinus limbatus,1,No,
Praia do Tofo,19-05_TOFO,19-05_TOF_030,5/11/2019,Tofo,NR,Mackerel,13:39,34,0.5,SE,70,Y briefly,-23.82209,35.565,Level,4.8195,On descent,,5.1,60,NR,NR,Reef low,37,0,Carcharhinidae,Carcharhinus,limbatus,Carcharhinus limbatus,1,No,"Carcharhinus limbatus seen on way down, no elasmobranchs seen in analysis period"
Praia do Tofo,19-05_TOFO,19-05_TOF_031,5/11/2019,Tofo,NR,Mackerel,15:03,13.2,0.5,SE,70,Y briefly,-23.85285,35.55666,Level,,,,,60,NR,NR,Sand,61,0,,,, ,,,
Praia do Tofo,19-05_TOFO,19-05_TOF_032,5/11/2019,Tofo,NR,Mackerel,15:08,17.5,0.5,SE,70,Y briefly,-23.85077,35.55673,Level,,,,,60,NR,3385.336,Sand,57,0,,,, ,,,
Praia do Tofo,19-05_TOFO,19-05_TOF_033,5/11/2019,Tofo,NR,Mackerel,15:12,8.6,0.5,SE,70,Y briefly,-23.84922,35.55505,Level,,,,,60,NR,6714.055,Reef high,54,0,,,, ,,,
Praia do Tofo,19-05_TOFO,19-05_TOF_034,5/11/2019,Tofo,NR,Mackerel,15:17,5.3,0,SE,70,Y briefly,-23.84679,35.54479,Level,,,,,33,NR,5365.031,Reef high,71,0,,,, ,,,
Praia do Tofo,19-05_TOFO,19-05_TOF_035,5/11/2019,Tofo,NR,Mackerel,15:22,9,0,SE,70,Y briefly,-23.84449,35.54797,Level,,,,,60,NR,3958.246,Patch-reef high,38,0,,,, ,,,
Praia do Tofo,19-05_TOFO,19-05_TOF_036,5/12/2019,Barra,NR,Mackerel,8:17,7.5,0,SE,20,N,-23.73972,35.47072,Level,,,,,60,NR,8313.386,Sand,50,0,,,, ,,,
Praia do Tofo,19-05_TOFO,19-05_TOF_037,5/12/2019,Barra,NR,Mackerel,8:33,8,0,SE,20,N,-23.74311,35.47129,Level,,,,,60,NR,11121.465,Sand,58,0,,,, ,,,
Praia do Tofo,19-05_TOFO,19-05_TOF_038,5/12/2019,Barra,NR,Mackerel,8:40,8.6,0,SE,20,N,-23.74568,35.4754,Level,,,,,60,NR,3210.269,Sand,56,0,,,, ,,,
Praia do Tofo,19-05_TOFO,19-05_TOF_039,5/12/2019,Barra,NR,Mackerel,8:47,12.4,0,SE,20,N,-23.74467,35.47853,Level,54.8331,Analysis,51.8732,2.6,60,NR,5860.162,Patch-reef low,51,0,Aetobatidae,Myliobatid,sp.,Myliobatid sp.,1,No,
Praia do Tofo,19-05_TOFO,19-05_TOF_040,5/12/2019,Barra,NR,Mackerel,8:53,11.7,0,SE,20,N,-23.74636,35.48087,Level,1.9953,On descent,,2,60,NR,NR,Patch-reef low,28,0,Dasyatidae,Taeniura,lymma,Taeniura lymma,1,No,
Praia do Tofo,19-05_TOFO,19-05_TOF_041,5/12/2019,Barra,NR,Mackerel,10:16,11.8,0,SE,20,N,-23.77902,35.50505,Level,,,,,60,NR,NR,Sand,50,0,,,, ,,,
Praia do Tofo,19-05_TOFO,19-05_TOF_042,5/12/2019,Barra,NR,Mackerel,10:21,11.8,0,SE,20,N,-23.77839,35.50872,Level,33.0878,Analysis,31.5382,1.3,60,NR,5077.243,Sand,54,0,Rhinidae,Rhynchobatus,djiddensis,Rhynchobatus djiddensis,1,No,
Praia do Tofo,19-05_TOFO,19-05_TOF_043,5/12/2019,Barra,NR,Mackerel,10:26,8,0,SE,20,N,-23.77726,35.51185,Level,,,,,60,NR,5806.768,Reef high,78,0,,,, ,,,
Praia do Tofo,19-05_TOFO,19-05_TOF_044,5/12/2019,Barra,NR,Mackerel,10:32,11,0,SE,20,N,-23.77865,35.51459,Level,,,,,60,NR,7673.682,Sand,54,0,,,, ,,,
Praia do Tofo,19-05_TOFO,19-05_TOF_045,5/12/2019,Barra,NR,Mackerel,10:37,9.6,0,SE,20,N,-23.77999,35.51697,Level,,,,,60,NR,7378.268,Reef high,62,0,,,, ,,,
Praia do Tofo,19-05_TOFO,19-05_TOF_046,5/12/2019,Barra,NR,Mackerel,11:54,26,0,SE,20,N,-23.78036,35.54342,Level,,,,,60,NR,5944.985,Sand,54,0,,,, ,,,
Praia do Tofo,19-05_TOFO,19-05_TOF_047,5/12/2019,Barra,NR,Mackerel,12:00,18.5,0,SE,20,N,-23.78316,35.54314,Up,,,,,60,NR,8672.977,Sand inundated reef,54,0,,,, ,,,
Praia do Tofo,19-05_TOFO,19-05_TOF_048,5/12/2019,Barra,NR,Mackerel,12:06,12.7,0,SE,20,N,-23.78529,35.54472,Level,,,,,60,NR,8863.968,Sand inundated reef,94,0,,,, ,,,
Praia do Tofo,19-05_TOFO,19-05_TOF_049,5/12/2019,Barra,NR,Mackerel,12:11,14.6,0,SE,20,N,-23.78721,35.54411,Level,,,,,60,NR,7791.81,Sand inundated reef,63,0,,,, ,,,
Praia do Tofo,19-05_TOFO,19-05_TOF_050,5/12/2019,Barra,NR,Mackerel,12:16,13.3,0,SE,20,N,-23.7896,35.54353,Level,,,,,60,NR,NR,Sand inundated reef,24,0,,,, ,,,
Praia do Tofo,19-05_TOFO,19-05_TOF_051,5/12/2019,Tofo,NR,Mackerel,13:35,12.3,0.5,SE,20,N,-23.81215,35.54239,Level,,,,,60,NR,7205.989,Reef low,37,0,,,, ,,,
Praia do Tofo,19-05_TOFO,19-05_TOF_052,5/12/2019,Tofo,NR,Mackerel,13:40,14.6,0.5,SE,20,N,-23.81597,35.54322,Level,,,,,60,NR,NR,Sand,NR,NR,,,, ,,,
Praia do Tofo,19-05_TOFO,19-05_TOF_053,5/12/2019,Tofo,NR,Mackerel,13:45,13.8,0.5,SE,20,N,-23.81949,35.55313,Level,,,,,60,NR,4178.882,Sand,58,0,,,, ,,,
Praia do Tofo,19-05_TOFO,19-05_TOF_054,5/12/2019,Tofo,NR,Mackerel,13:51,14,0.5,SE,20,N,-23.82253,35.54353,Level,,,,,60,NR,3751.374,Sand,57,0,,,, ,,,
Praia do Tofo,19-05_TOFO,19-05_TOF_055,5/12/2019,Tofo,NR,Mackerel,13:58,14,0.5,SE,20,N,-23.82531,35.54283,Level,,,,,60,NR,4030.154,Patch-reef low,49,0,,,, ,,,
Praia do Tofo,19-05_TOFO,19-05_TOF_056,5/14/2019,Guinjata,NR,Mackerel,8:11,30,1,ESE,80,N,-23.9677,35.52831,Level,,,,,60,NR,5665.43,Sand inundated reef,54,0,,,, ,,,
Praia do Tofo,19-05_TOFO,19-05_TOF_057,5/14/2019,Guinjata,NR,Mackerel,8:16,32,1,ESE,80,N,-23.96506,35.52866,Level,,,,,60,NR,3387.959,Sand,38,0,,,, ,,,
Praia do Tofo,19-05_TOFO,19-05_TOF_058,5/14/2019,Guinjata,NR,Mackerel,8:27,27,1,ESE,80,N,-23.96425,35.52531,Level,,,,,60,NR,9283.983,Sand,57,0,,,, ,,,
Praia do Tofo,19-05_TOFO,19-05_TOF_059,5/14/2019,Guinjata,NR,Mackerel,8:34,25.2,1,ESE,80,N,-23.96465,35.52178,Level,,,,,58,NR,3673.807,Sand,53,0,,,, ,,,
Praia do Tofo,19-05_TOFO,19-05_TOF_060,5/14/2019,Guinjata,NR,Mackerel,8:41,25,1,ESE,80,N,-23.96682,35.52027,Level,,,,,60,NR,NR,Sand,52,0,,,, ,,,
Praia do Tofo,19-05_TOFO,19-05_TOF_061,5/14/2019,Guinjata - Manta,NR,Mackerel,9:59,27,1,ESE,80,N,-23.98157,35.51836,Level,,,,,60,NR,NR,Sand,37,0,,,, ,,,
Praia do Tofo,19-05_TOFO,19-05_TOF_062,5/14/2019,Guinjata - Manta,NR,Mackerel,10:07,21.5,1,ESE,80,N,-23.98292,35.52249,Level,65.2168,Extra time,2.2834,2.6,60,NR,7168.233,Patch-reef high,4,0,Dasyatidae,Megatrygon,microps,Megatrygon microps,1,No,
Praia do Tofo,19-05_TOFO,19-05_TOF_063,5/14/2019,Guinjata - Manta,NR,Mackerel,10:12,30,1,ESE,80,N,-23.98509,35.5204,Level,,,,,60,NR,4404.398,Sand,53,0,,,, ,,,
Praia do Tofo,19-05_TOFO,19-05_TOF_064,5/14/2019,Guinjata - Manta,NR,Mackerel,10:18,29.6,1,ESE,80,N,-23.98715,35.51937,Level,,,,,60,NR,10094.103,Sand,51,0,,,, ,,,
Praia do Tofo,19-05_TOFO,19-05_TOF_065,5/14/2019,Guinjata - Manta,NR,Mackerel,10:26,26,1,ESE,80,N,-23.9883,35.51645,Level,,,,,60,NR,2868.311,Sand,55,0,,,, ,,,
Praia do Tofo,19-05_TOFO,19-05_TOF_066,5/14/2019,Guinjata,NR,Mackerel,11:47,19.2,1,ESE,80,N,-24.01258,35.50964,Level,,,,,60,NR,4601.619,Patch-reef low,43,0,,,, ,,,
Praia do Tofo,19-05_TOFO,19-05_TOF_067,5/14/2019,Guinjata,NR,Mackerel,11:52,17,1,ESE,80,N,-24.01436,35.50784,Level,,,,,60,NR,6737.049,Sand,41,0,,,, ,,,
Praia do Tofo,19-05_TOFO,19-05_TOF_068,5/14/2019,Guinjata,NR,Mackerel,11:59,12.2,1,ESE,80,N,-24.01714,35.50597,Level,,,,,60,NR,6375.915,Patch-reef high,66,0,,,, ,,,
Praia do Tofo,19-05_TOFO,19-05_TOF_069,5/14/2019,Guinjata,NR,Mackerel,12:05,9.1,1,ESE,80,N,-24.01885,35.50544,Level,,,,,60,NR,NR,Reef high,NR,NR,,,, ,,,
Praia do Tofo,19-05_TOFO,19-05_TOF_070,5/14/2019,Guinjata,NR,Mackerel,12:09,9.3,1,ESE,80,N,-24.02132,35.50484,Level,,,,,60,NR,NR,Sand,49,0,,,, ,,,
Praia do Tofo,19-05_TOFO,19-05_TOF_071,5/14/2019,Guinjata,NR,Mackerel,13:40,16.2,1.5,ESE,80,N,-24.06809,35.50327,Level,,,,,60,NR,NR,Patch-reef high,0,0,,,, ,,,
Praia do Tofo,19-05_TOFO,19-05_TOF_072,5/14/2019,Guinjata,NR,Mackerel,13:46,11.2,1.5,ESE,80,N,-24.07027,35.50219,Level,,,,,60,NR,8360.155,Reef low,57,0,,,, ,,,
Praia do Tofo,19-05_TOFO,19-05_TOF_073,5/14/2019,Guinjata,NR,Mackerel,13:53,21,1.5,ESE,80,N,-24.06986,35.50606,Level,9.8785,Analysis 2 upside system on side,5.7382,2.6,60,NR,12304.138,Reef high,65,0,Rhinidae,Rhynchobatus,djiddensis,Rhynchobatus djiddensis,1,No,
Praia do Tofo,19-05_TOFO,19-05_TOF_074,5/14/2019,Guinjata,NR,Mackerel,13:58,18,1.5,ESE,80,N,-24.07187,35.50499,Level,,,,,60,NR,7434.618,Sand inundated reef,37,0,,,, ,,,
Praia do Tofo,19-05_TOFO,19-05_TOF_075,5/14/2019,Guinjata,NR,Mackerel,14:04,17,1.5,ESE,80,N,-24.07406,35.50381,Level,,,,,60,NR,4598.699,Sand,58,0,,,, ,,,
Praia do Tofo,19-05_TOFO,19-05_TOF_076,5/15/2019,Guinjata,NR,Mackerel,8:42,10.9,0.5,E,20,N,-24.23414,35.42597,Level,,,,,60,NR,3015.621,Sand,57,0,,,, ,,,
Praia do Tofo,19-05_TOFO,19-05_TOF_077,5/15/2019,Guinjata,NR,Mackerel,8:48,12,0.5,E,20,N,-24.23183,35.42738,Level,,,,,60,NR,3886.636,Patch-reef high,32,0,,,, ,,,
Praia do Tofo,19-05_TOFO,19-05_TOF_078,5/15/2019,Guinjata,NR,Mackerel,8:53,12.9,0.5,E,20,N,-24.2301,35.42953,down,,,,,60,NR,1100.239,Patch-reef high,0,0,,,, ,,,
Praia do Tofo,19-05_TOFO,19-05_TOF_079,5/15/2019,Guinjata,NR,Mackerel,8:58,13.7,0.5,E,20,N,-24.2281,35.43132,Level,,,,,60,NR,13459.131,Patch-reef high,39,0,,,, ,,,
Praia do Tofo,19-05_TOFO,19-05_TOF_080,5/15/2019,Guinjata,NR,Mackerel,9:02,13,1,E,20,N,-24.22554,35.43194,Level,,,,,60,NR,NR,Sand,54,0,,,, ,,,
Praia do Tofo,19-05_TOFO,19-05_TOF_081,5/15/2019,Guinjata - Paindane,NR,Mackerel,10:29,15.7,1,E,20,N,-24.19981,35.44889,Level,,,,,60,NR,NR,Sand,56,0,,,, ,,,
Praia do Tofo,19-05_TOFO,19-05_TOF_082,5/15/2019,Guinjata - Paindane,NR,Mackerel,10:35,16,1,E,20,N,-24.19859,35.45125,Level,,,,,60,NR,2000.369,Sand,48,0,,,, ,,,
Praia do Tofo,19-05_TOFO,19-05_TOF_083,5/15/2019,Guinjata - Paindane,NR,Mackerel,10:39,16,1,E,20,N,-24.19764,35.45414,Level,,,,,59,NR,8972.181,Sand,61,0,,,, ,,,
Praia do Tofo,19-05_TOFO,19-05_TOF_084,5/15/2019,Guinjata - Paindane,NR,Mackerel,10:44,17,1,E,20,N,-24.19823,35.4567,Level,33.011,Analysis 1 Shift in position,31.5087,1.3,42,NR,3979.362,Sand,56,0,Dasyatidae,Himantura,uarnak,Himantura uarnak,1,No,
Praia do Tofo,19-05_TOFO,19-05_TOF_085,5/15/2019,Guinjata - Paindane,NR,Mackerel,10:48,17.5,1,E,20,N,-24.19807,35.45927,Down,,,,,14,NR,3510.948,Sand,2,0,,,, ,,,
Praia do Tofo,19-05_TOFO,19-05_TOF_086,5/15/2019,Guinjata - Paindane,NR,Mackerel,12:18,6,1,E,20,N,-24.16233,35.47792,Up,,,,,60,NR,6120.407,Sand,91,0,,,, ,,,
Praia do Tofo,19-05_TOFO,19-05_TOF_087,5/15/2019,Guinjata - Paindane,NR,Mackerel,12:24,8,1,E,20,N,-24.15942,35.48037,Level,28.1059,Analysis,26.5301,1.3,60,NR,9358.348,Reef high,41,0,Aetobatidae,Aetobatus,ocellatus,Aetobatus ocellatus,1,No,
Praia do Tofo,19-05_TOFO,19-05_TOF_087,5/15/2019,Guinjata - Paindane,NR,Mackerel,12:24,8,1,E,20,N,-24.15942,35.48037,Level,17.3087,Analysis,15.7329,1.3,60,NR,9358.348,Reef high,41,0,Ginglymostomatidae,Pseudoginglymostoma,brevicaudatum,Pseudoginglymostoma brevicaudatum,1,No,
Praia do Tofo,19-05_TOFO,19-05_TOF_088,5/15/2019,Guinjata - Paindane,NR,Mackerel,12:29,11.3,1,E,20,N,-24.15735,35.48202,Level,,,,,60,NR,11692.442,Reef high,75,0,,,, ,,,
Praia do Tofo,19-05_TOFO,19-05_TOF_089,5/15/2019,Guinjata - Paindane,NR,Mackerel,12:33,12,1,E,20,N,-24.15509,35.48407,Level,11.422,Analysis,10.6245,0.5,60,NR,6249.25,Reef high,45,0,Ginglymostomatidae,Pseudoginglymostoma,brevicaudatum,Pseudoginglymostoma brevicaudatum,1,No,
Praia do Tofo,19-05_TOFO,19-05_TOF_090,5/15/2019,Guinjata - Paindane,NR,Mackerel,12:37,13.5,1,E,20,N,-24.15295,35.48565,Level,,,,,60,NR,NR,Patch-reef high,88,0,,,, ,,,
Praia do Tofo,19-05_TOFO,19-05_TOF_091,5/15/2019,Guinjata - Paindane,NR,Mackerel,14:02,9.6,1.5,E,20,N,-24.1068,35.50334,Level,,,,,60,NR,NR,Sand,59,0,,,, ,,,
Praia do Tofo,19-05_TOFO,19-05_TOF_092,5/15/2019,Guinjata - Paindane,NR,Mackerel,14:08,17.3,1.5,E,20,N,-24.10562,35.505,Level,,,,,60,NR,4840.022,Sand,56,0,,,, ,,,
Praia do Tofo,19-05_TOFO,19-05_TOF_093,5/15/2019,Guinjata - Paindane,NR,Mackerel,14:12,12,2,E,20,N,-24.10275,35.505,Level,37.6398,Analysis,35.5633,2,60,NR,7029.963,Patch-reef low,38,0,Dasyatidae,Neotrygon,caeruleopunctata,Neotrygon caeruleopunctata,1,No,
Praia do Tofo,19-05_TOFO,19-05_TOF_094,5/15/2019,Guinjata - Paindane,NR,Mackerel,14:29,17,2,E,20,N,-24.09694,35.50666,down,,,,,60,NR,7604.917,Reef high,0,0,,,, ,,,
Praia do Tofo,19-05_TOFO,19-05_TOF_095,5/15/2019,Guinjata - Paindane,NR,Mackerel,14:35,17,2,E,20,N,-24.09502,35.50536,Level,,,,,60,NR,7582.369,Sand,59,0,,,, ,,,
Praia do Tofo,19-05_TOFO,19-05_TOF_096,5/17/2019,Zavora,NR,Mackerel,7:16,12,NR,NR,NR,NR,-24.48258,35.23906,Up,16.2838,Analysis,13.6144,2.4,60,NR,11783.564,Reef high,100,0,Myliobatidae,Mobula,birostris,Mobula birostris,1,No,
Praia do Tofo,19-05_TOFO,19-05_TOF_097,5/17/2019,Zavora,NR,Mackerel,7:22,17,NR,NR,NR,NR,-24.48068,35.24023,Level,6.1342,Analysis,3.6695,2.3,60,NR,8540.35,Patch-reef low,66,0,Dasyatidae,Neotrygon,caeruleopunctata,Neotrygon caeruleopunctata,1,No,
Praia do Tofo,19-05_TOFO,19-05_TOF_097,5/17/2019,Zavora,NR,Mackerel,7:22,17,NR,NR,NR,NR,-24.48068,35.24023,Level,37.7535,Analysis,35.2889,2.3,60,NR,8540.35,Patch-reef low,66,0,Myliobatidae,Mobula,kuhlii,Mobula kuhlii,2,No,
Praia do Tofo,19-05_TOFO,19-05_TOF_098,5/17/2019,Zavora,NR,Mackerel,7:25,19,NR,NR,NR,NR,-24.47393,35.24206,Level,48.4823,Analysis,47.1716,1.2,60,NR,6234.023,Sand,58,0,Hemigaleidae,Paragaleus,leucolomatus,Paragaleus leucolomatus,1,No,
Praia do Tofo,19-05_TOFO,19-05_TOF_099,5/17/2019,Zavora,NR,Mackerel,7:29,16,NR,NR,NR,NR,-24.47698,35.24337,Up,,,,,60,NR,9850.456,Reef high,95,0,,,, ,,,
Praia do Tofo,19-05_TOFO,19-05_TOF_100,5/17/2019,Zavora,NR,Mackerel,7:34,15,NR,NR,NR,NR,-24.47514,35.24479,Level,,,,,60,NR,NR,Reef high,30,0,,,, ,,,
Praia do Tofo,19-05_TOFO,19-05_TOF_101,5/17/2019,Zavora,NR,Mackerel,9:05,19,NR,NR,NR,NR,-24.45005,35.2659,up,,,,,60,NR,NR,Reef high,100,0,,,, ,,,
Praia do Tofo,19-05_TOFO,19-05_TOF_102,5/17/2019,Zavora,NR,Mackerel,9:11,22.5,NR,NR,NR,NR,-24.4475,35.26778,Level,,,,,60,NR,6078.423,Sand,65,0,,,, ,,,
Praia do Tofo,19-05_TOFO,19-05_TOF_103,5/17/2019,Zavora,NR,Mackerel,9:17,20,NR,NR,NR,NR,-24.44405,35.27015,Level,,,,,60,NR,3274.357,Reef high,43,0,,,, ,,,
Praia do Tofo,19-05_TOFO,19-05_TOF_104,5/17/2019,Zavora,NR,Mackerel,9:22,24.3,NR,NR,NR,NR,-24.4413,35.27214,Level,,,,,60,NR,4622.404,Sand inundated reef,45,0,,,, ,,,
Praia do Tofo,19-05_TOFO,19-05_TOF_105,5/17/2019,Zavora,NR,Mackerel,9:28,11.5,NR,NR,NR,NR,-24.44071,35.26875,Level,,,,,60,NR,8694.769,Reef high,21,0,,,, ,,,
Praia do Tofo,19-05_TOFO,19-05_TOF_106,5/17/2019,Zavora,NR,Mackerel,10:48,23.2,NR,NR,NR,NR,-24.41586,35.28498,Level,,,,,60,NR,2876.834,Sand,60,0,,,, ,,,
Praia do Tofo,19-05_TOFO,19-05_TOF_107,5/17/2019,Zavora,NR,Mackerel,10:56,27,NR,NR,NR,NR,-24.41299,35.28491,Level,15.3206,Analysis,13.937,1.2,60,NR,5370.801,Patch-reef low,52,0,Rhinobatidae,Acroteriobatus,leucospilus,Acroteriobatus leucospilus,1,No,
Praia do Tofo,19-05_TOFO,19-05_TOF_108,5/17/2019,Zavora,NR,Mackerel,10:57,23,NR,NR,NR,NR,-24.41192,35.28738,Level,51.9842,Analysis,50.1451,1.5,60,NR,2709.274,Sand,57,0,Rhinidae,Rhynchobatus,djiddensis,Rhynchobatus djiddensis,1,No,
Praia do Tofo,19-05_TOFO,19-05_TOF_108,5/17/2019,Zavora,NR,Mackerel,10:57,23,NR,NR,NR,NR,-24.41192,35.28738,Level,20.2288,Analysis,18.3898,1.5,60,NR,2709.274,Sand,57,0,Rhinobatidae,Acroteriobatus,leucospilus,Acroteriobatus leucospilus,1,No,
Praia do Tofo,19-05_TOFO,19-05_TOF_109,5/17/2019,Zavora,NR,Mackerel,11:01,22,NR,NR,NR,NR,-24.40929,35.28693,Level,,,,,60,NR,3371.375,Sand,59,0,,,, ,,,
Praia do Tofo,19-05_TOFO,19-05_TOF_110,5/17/2019,Zavora,NR,Mackerel,11:05,22.6,NR,NR,NR,NR,-24.40839,35.28969,Level,,,,,60,NR,NR,Sand inundated reef,50,0,,,, ,,,
Praia do Tofo,19-05_TOFO,19-05_TOF_111,5/17/2019,Zavora,NR,Mackerel,12:37,11,NR,NR,NR,NR,-24.37568,35.3078,Level,,,,,60,NR,NR,Sand,54,0,,,, ,,,
Praia do Tofo,19-05_TOFO,19-05_TOF_112,5/17/2019,Zavora,NR,Mackerel,12:43,8.8,NR,NR,NR,NR,-24.37745,35.30539,Level,,,,,60,NR,2310.152,Sand,53,0,,,, ,,,
Praia do Tofo,19-05_TOFO,19-05_TOF_113,5/17/2019,Zavora,NR,Mackerel,12:48,13,NR,NR,NR,NR,-24.37993,35.30491,Level,,,,,60,NR,2932.919,Sand,59,0,,,, ,,,
Praia do Tofo,19-05_TOFO,19-05_TOF_114,5/17/2019,Zavora,NR,Mackerel,12:54,20,NR,NR,NR,NR,-24.38176,35.30667,Level,,,,,60,NR,4975.254,Sand,57,0,,,, ,,,
Praia do Tofo,19-05_TOFO,19-05_TOF_115,5/17/2019,Zavora,NR,Mackerel,12:59,23.5,NR,NR,NR,NR,-24.38538,35.30528,Level,11.5151,Analysis,9.5929,1.6,60,NR,2271.316,Sand,59,0,Sphyrnidae,Sphyrna,lewini,Sphyrna lewini,1,No,
Praia do Tofo,19-05_TOFO,19-05_TOF_116,5/17/2019,Zavora,NR,Mackerel,14:57,20,NR,NR,NR,NR,-24.50698,35.22091,Level,,,,,60,NR,4128.961,Patch-reef low,60,0,,,, ,,,
Praia do Tofo,19-05_TOFO,19-05_TOF_117,5/17/2019,Zavora,NR,Mackerel,15:04,22,NR,NR,NR,NR,-24.51205,35.21933,Level,,,,,60,NR,5601.283,Sand,71,0,,,, ,,,
Praia do Tofo,19-05_TOFO,19-05_TOF_118,5/17/2019,Zavora,NR,Mackerel,15:11,24,NR,NR,NR,NR,-24.51208,35.21743,Level,,,,,60,NR,3096.724,Sand,55,0,,,, ,,,
Praia do Tofo,19-05_TOFO,19-05_TOF_119,5/17/2019,Zavora,NR,Mackerel,15:18,24,NR,NR,NR,NR,-24.51517,35.21516,Level,,,,,60,NR,2395.592,Patch-reef high,81,0,,,, ,,,
Praia do Tofo,19-05_TOFO,19-05_TOF_120,5/17/2019,Zavora,NR,Mackerel,15:23,16,NR,NR,NR,NR,-24.51589,35.21196,up,,,,,60,NR,NR,Reef high,100,0,,,, ,,,
Praia do Tofo,19-05_TOFO,19-05_TOF_121,5/18/2019,Zavora,NR,Mackerel,9:36,26.6,0.5,E,10,N,-24.5986,35.14196,Level,,,,,60,NR,1200.354,Sand,0,0,,,, ,,,
Praia do Tofo,19-05_TOFO,19-05_TOF_122,5/18/2019,Zavora,NR,Mackerel,9:42,26,0.5,E,10,N,-24.59991,35.13963,Level,,,,,60,NR,1480.556,Sand,90,0,,,, ,,,
Praia do Tofo,19-05_TOFO,19-05_TOF_123,5/18/2019,Zavora,NR,Mackerel,9:47,24.6,0.5,E,10,N,-24.60108,35.13718,Level,10.5169,Analysis,9.0471,1.3,60,NR,894.457,Sand,58,0,Rhinobatidae,Rhinobatid,sp.,Rhinobatid sp.,1,No,
Praia do Tofo,19-05_TOFO,19-05_TOF_124,5/18/2019,Zavora,NR,Mackerel,9:53,22,0.5,E,10,N,-24.60235,35.13417,Level,,,,,60,NR,1050.561,Sand,70,0,,,, ,,,
Praia do Tofo,19-05_TOFO,19-05_TOF_125,5/18/2019,Zavora,NR,Mackerel,9:58,23,0.5,E,10,N,-24.60453,35.13185,Level,,,,,60,NR,NR,Sand,61,0,,,, ,,,
Praia do Tofo,19-05_TOFO,19-05_TOF_126,5/18/2019,Zavora,NR,Mackerel,11:30,15.3,0.5,E,10,N,-24.58096,35.15578,Level,,,,,60,NR,NR,Reef high,99,0,,,, ,,,
Praia do Tofo,19-05_TOFO,19-05_TOF_127,5/18/2019,Zavora,NR,Mackerel,11:37,21,0.5,E,10,N,-24.58134,35.15885,Level,26.683,Analysis,24.5604,2.1,60,NR,1576.527,Sand,80,0,Rhinidae,Rhynchobatus,djiddensis,Rhynchobatus djiddensis,1,No,
Praia do Tofo,19-05_TOFO,19-05_TOF_128,5/18/2019,Zavora,NR,Mackerel,11:44,13,0.5,E,10,N,-24.57722,35.15918,Level,,,,,60,NR,1987.065,Sand,68,0,,,, ,,,
Praia do Tofo,19-05_TOFO,19-05_TOF_129,5/18/2019,Zavora,NR,Mackerel,11:50,15,0.5,E,10,N,-24.57528,35.16044,Level,,,,,60,NR,1125.022,Sand,90,0,,,, ,,,
Praia do Tofo,19-05_TOFO,19-05_TOF_130,5/18/2019,Zavora,NR,Mackerel,11:54,18,0.5,E,10,N,-24.57244,35.16268,Level,,,,,60,NR,1320,Sand,90,0,,,, ,,,
Praia do Tofo,19-05_TOFO,19-05_TOF_131,5/18/2019,Zavora,NR,Mackerel,13:22,24,0.5,E,10,N,-24.55319,35.18232,Level,,,,,60,NR,1369.021,Sand,90,0,,,, ,,,
Praia do Tofo,19-05_TOFO,19-05_TOF_132,5/18/2019,Zavora,NR,Mackerel,13:27,21,0.5,E,10,N,-24.55065,35.18258,Level,,,,,60,NR,1295.2,Sand,68,0,,,, ,,,
Praia do Tofo,19-05_TOFO,19-05_TOF_133,5/18/2019,Zavora,NR,Mackerel,13:32,23,0.5,E,10,N,-24.54965,35.18589,Level,,,,,60,NR,1897.256,Sand,55,0,,,, ,,,
Praia do Tofo,19-05_TOFO,19-05_TOF_134,5/18/2019,Zavora,NR,Mackerel,13:37,22.6,0.5,E,10,N,-24.54702,35.18565,Level,,,,,60,NR,1789.012,Sand,53,0,,,, ,,,
Praia do Tofo,19-05_TOFO,19-05_TOF_135,5/18/2019,Zavora,NR,Mackerel,13:42,22.7,0.5,E,10,N,-24.54654,35.18913,Level,29.6477,Analysis,27.9613,1.4,60,NR,NR,Sand,55,0,Rhinidae,Rhynchobatus,djiddensis,Rhynchobatus djiddensis,1,No,
POPMR,19-02_Ponta,19-02_Ponta_001,1/23/2019,North of Ponta Mucombo,Multi use area,Mackerel,7:57,14.2,NR,NR,30,N,-26.25069,32.94361,NR,,,,,60,NR,NR,Sand,60,0,,,, ,,,
POPMR,19-02_Ponta,19-02_Ponta_002,1/23/2019,North of Ponta Mucombo,Multi use area,Mackerel,8:05,15,NR,NR,30,N,-26.24829,32.94408,NR,,,,,60,NR,7611.967,Sand,50,0,,,, ,,,
POPMR,19-02_Ponta,19-02_Ponta_003,1/23/2019,North of Ponta Mucombo,Multi use area,Mackerel,8:15,21.6,NR,NR,30,N,-26.24731,32.9488,NR,,,,,60,NR,5925.187,Sand,55,0,,,, ,,,
POPMR,19-02_Ponta,19-02_Ponta_004,1/23/2019,North of Ponta Mucombo,Multi use area,Mackerel,8:23,25,NR,NR,30,N,-26.24493,32.95043,NR,,,,,60,NR,5171.957,Sand,47,0,,,, ,,,
POPMR,19-02_Ponta,19-02_Ponta_005,1/23/2019,North of Ponta Mucombo,Multi use area,Mackerel,8:32,23,NR,NR,30,N,-26.24113,32.94959,NR,43.468,Analysis,42.309,1.1,60,NR,5447.654,Sand,60,0,Dasyatidae,Himantura,uarnak,Himantura uarnak,1,No,
POPMR,19-02_Ponta,19-02_Ponta_005,1/23/2019,North of Ponta Mucombo,Multi use area,Mackerel,8:32,23,NR,NR,30,N,-26.24113,32.94959,NR,47.0577,Analysis,45.8987,1.1,60,NR,5447.654,Sand,60,0,Rhinidae,Rhynchobatus,djiddensis,Rhynchobatus djiddensis,1,No,
POPMR,19-02_Ponta,19-02_Ponta_006,1/23/2019,North of Ponta Mucombo,Multi use area,Mackerel,9:55,16,NR,NR,30,N,-26.21204,32.94934,NR,30.518,Analysis,29.1123,1.2,60,NR,6514.526,Sand,55,0,Rhinidae,Rhynchobatus,djiddensis,Rhynchobatus djiddensis,1,No,
POPMR,19-02_Ponta,19-02_Ponta_007,1/23/2019,North of Ponta Mucombo,Multi use area,Mackerel,10:00,11.5,NR,NR,30,N,-26.20981,32.9486,NR,31.1463,Analysis,29.511,1.4,60,NR,7851.745,Sand,53,0,Rhinidae,Rhynchobatus,djiddensis,Rhynchobatus djiddensis,1,No,
POPMR,19-02_Ponta,19-02_Ponta_008,1/23/2019,North of Ponta Mucombo,Multi use area,Mackerel,10:14,12,NR,NR,30,N,-26.20548,32.94979,NR,51.2953,Analysis,49.864,1.3,60,NR,7390.328,Sand,43,0,Dasyatidae,Pateobatis,jenkinsii,Pateobatis jenkinsii,1,No,
POPMR,19-02_Ponta,19-02_Ponta_009,1/23/2019,North of Ponta Mucombo,Multi use area,Mackerel,10:19,9.5,NR,NR,30,N,-26.20154,32.94987,NR,,,,,60,NR,2963.747,Sand inundated reef,61,0,,,, ,,,
POPMR,19-02_Ponta,19-02_Ponta_010,1/23/2019,North of Ponta Mucombo,Multi use area,Mackerel,10:26,18.9,NR,NR,30,N,-26.20088,32.95304,NR,,,,,60,NR,2688.888,Sand,55,0,,,, ,,,
POPMR,19-02_Ponta,19-02_Ponta_011,1/23/2019,North of Ponta Mucombo,Multi use area,Mackerel,12:13,18.4,NR,NR,30,N,-26.17251,32.95551,NR,12.5,Analysis,11.287,1.1,60,NR,NR,Sand,60,0,Rhinidae,Rhynchobatus,djiddensis,Rhynchobatus djiddensis,1,No,Rcam zoomed in cant measure (Vis excellent)
POPMR,19-02_Ponta,19-02_Ponta_012,1/23/2019,North of Ponta Mucombo,Multi use area,Mackerel,12:20,14,NR,NR,30,N,-26.1692,32.95432,NR,24.938,Analysis,22.4027,2.3,60,NR,7246.554,Sand,42,0,Dasyatidae,Himantura,uarnak,Himantura uarnak,1,No,
POPMR,19-02_Ponta,19-02_Ponta_013,1/23/2019,North of Ponta Mucombo,Multi use area,Mackerel,12:25,12.2,NR,NR,30,N,-26.1659,32.95392,NR,,,,,60,NR,5311.366,Sand,43,0,,,, ,,,
POPMR,19-02_Ponta,19-02_Ponta_014,1/23/2019,North of Ponta Mucombo,Multi use area,Mackerel,12:31,10.5,NR,NR,30,N,-26.16369,32.95644,NR,,,,,60,NR,6831.358,Sand,45,0,,,, ,,,
POPMR,19-02_Ponta,19-02_Ponta_015,1/23/2019,North of Ponta Mucombo,Multi use area,Mackerel,12:38,22.7,NR,NR,30,N,-26.16069,32.9597,NR,,,,,60,NR,4010.13,Sand,56,0,,,, ,,,
POPMR,19-02_Ponta,19-02_Ponta_016,1/23/2019,North of Ponta Mucombo,Multi use area,Mackerel,14:24,22.2,NR,NR,30,N,-26.14417,32.96,NR,9.4327,Analysis,8.426,1,60,NR,8980.784,Sand,49,0,Rhinidae,Rhynchobatus,djiddensis,Rhynchobatus djiddensis,1,No,
POPMR,19-02_Ponta,19-02_Ponta_017,1/23/2019,North of Ponta Mucombo,Multi use area,Mackerel,14:30,19.5,NR,NR,30,N,-26.14084,32.95884,NR,13.0767,Analysis,11.996,1,60,NR,9175.773,Sand,61,0,Rhinidae,Rhynchobatus,djiddensis,Rhynchobatus djiddensis,1,No,
POPMR,19-02_Ponta,19-02_Ponta_018,1/23/2019,North of Ponta Mucombo,Multi use area,Mackerel,14:35,13.3,NR,NR,30,N,-26.13178,32.95686,NR,,,,,60,NR,5530.021,Sand,46,0,,,, ,,,
POPMR,19-02_Ponta,19-02_Ponta_019,1/23/2019,North of Ponta Mucombo,Multi use area,Mackerel,14:42,11.9,NR,NR,30,N,-26.13413,32.95744,NR,,,,,60,NR,5083.193,Sand,18,0,,,, ,,,
POPMR,19-02_Ponta,19-02_Ponta_020,1/23/2019,North of Ponta Mucombo,Multi use area,Mackerel,14:48,15.5,NR,NR,30,N,-26.13078,32.9571,NR,14.9277,Analysis,14.0273,0.5,60,NR,NR,Sand,56,0,Rhinidae,Rhynchobatus,djiddensis,Rhynchobatus djiddensis,1,No,Rcam zoomed in cant measure (Vis excellent)
POPMR,19-02_Ponta,19-02_Ponta_021,1/24/2019,Inhaca Island,Sanctuary zone,Mackerel,6:28,12.6,NR,NR,30,N,-26.06626,32.97087,NR,36.1083,Analysis,35.4947,0.4,60,NR,NR,Sand,60,0,Rhinidae,Rhynchobatus,djiddensis,Rhynchobatus djiddensis,1,No,Rcam zoomed in cant measure (Vis excellent)
POPMR,19-02_Ponta,19-02_Ponta_022,1/24/2019,Inhaca Island,Sanctuary zone,Mackerel,6:36,11.7,NR,NR,30,N,-26.06269,32.97085,NR,,,,,60,NR,NR,Sand,48,0,,,, ,,,
POPMR,19-02_Ponta,19-02_Ponta_023,1/24/2019,Inhaca Island,Sanctuary zone,Mackerel,6:44,15.2,NR,NR,30,N,-26.05959,32.97353,NR,,,,,60,NR,8020.77,Sand,52,0,,,, ,,,
POPMR,19-02_Ponta,19-02_Ponta_024,1/24/2019,Inhaca Island,Sanctuary zone,Mackerel,6:51,18.6,NR,NR,30,N,-26.05621,32.97775,NR,29.4767,Analysis,28.0077,1.3,60,NR,6169.159,Sand,50,0,Rhinidae,Rhynchobatus,djiddensis,Rhynchobatus djiddensis,1,No,
POPMR,19-02_Ponta,19-02_Ponta_025,1/24/2019,Inhaca Island,Sanctuary zone,Mackerel,6:58,25.7,NR,NR,30,N,-26.05454,32.98405,NR,,,,,59,NR,3974.898,Sand,11,0,,,, ,,,
POPMR,19-02_Ponta,19-02_Ponta_026,1/24/2019,Inhaca Island,Sanctuary zone,Mackerel,8:35,12.5,NR,NR,30,N,-26.02483,32.97557,NR,,,,,60,NR,3973.203,Sand,43,0,,,, ,,,
POPMR,19-02_Ponta,19-02_Ponta_027,1/24/2019,Inhaca Island,Sanctuary zone,Mackerel,8:41,12.7,NR,NR,30,N,-26.02143,32.97647,NR,,,,,60,NR,2092.665,Sand,59,0,,,, ,,,
POPMR,19-02_Ponta,19-02_Ponta_028,1/24/2019,Inhaca Island,Sanctuary zone,Mackerel,8:47,19.4,NR,NR,30,N,-26.01948,32.97985,NR,,,,,60,NR,2491.557,Sand,52,0,,,, ,,,
POPMR,19-02_Ponta,19-02_Ponta_029,1/24/2019,Inhaca Island,Sanctuary zone,Mackerel,8:54,22.4,NR,NR,30,N,-26.01717,32.98301,NR,,,,,60,NR,NR,Sand,50,0,,,, ,,,
POPMR,19-02_Ponta,19-02_Ponta_030,1/24/2019,Inhaca Island,Sanctuary zone,Mackerel,9:00,27,NR,NR,30,N,-26.01498,32.98611,NR,45.0347,Analysis,44.039,0.6,60,NR,NR,Sand,50,0,Dasyatidae,Himantura,uarnak,Himantura uarnak,1,No,No Rvideos so no measurements (Vis good)
POPMR,19-02_Ponta,19-02_Ponta_030,1/24/2019,Inhaca Island,Sanctuary zone,Mackerel,9:00,27,NR,NR,30,N,-26.01498,32.98611,NR,60.083,Analysis,59.0873,0.6,60,NR,NR,Sand,50,0,Rhinidae,Rhynchobatus,djiddensis,Rhynchobatus djiddensis,1,No,No Rvideos so no measurements (Vis good)
POPMR,19-02_Ponta,19-02_Ponta_031,1/24/2019,Inhaca Island,Sanctuary zone,Mackerel,10:34,18,NR,NR,30,N,-25.98743,32.99309,NR,,,,,60,NR,849.947,Sand,59,0,,,, ,,,
POPMR,19-02_Ponta,19-02_Ponta_032,1/24/2019,Inhaca Island,Sanctuary zone,Mackerel,10:42,13,NR,NR,30,N,-25.98389,32.99434,NR,,,,,60,NR,977.623,Sand,56,0,,,, ,,,
POPMR,19-02_Ponta,19-02_Ponta_033,1/24/2019,Inhaca Island,Sanctuary zone,Mackerel,10:48,17.3,NR,NR,30,N,-25.98111,32.99669,NR,,,,,0.7,NR,1083.513,Sand,100,0,,,, ,,,
POPMR,19-02_Ponta,19-02_Ponta_034,1/24/2019,Inhaca Island,Sanctuary zone,Mackerel,10:55,21,NR,NR,30,N,-25.97724,32.99989,NR,,,,,8,NR,693.227,Sand,100,0,,,, ,,,
POPMR,19-02_Ponta,19-02_Ponta_035,1/24/2019,Inhaca Island,Sanctuary zone,Mackerel,11:02,16.9,NR,NR,30,N,-25.97211,33.00061,NR,,,,,60,NR,NR,Sand,19,0,,,, ,,,
POPMR,19-02_Ponta,19-02_Ponta_036,1/26/2019,North Milibangalala,Restricted use zone,Mackerel,7:28,20.9,NR,NR,90,Y,-26.28601,32.94169,NR,35.0187,Analysis,33.8713,1.1,60,NR,5160.781,Sand,56,0,Rhinidae,Rhynchobatus,djiddensis,Rhynchobatus djiddensis,1,No,
POPMR,19-02_Ponta,19-02_Ponta_037,1/26/2019,North Milibangalala,Restricted use zone,Mackerel,7:35,18,NR,NR,90,Y,-26.28807,32.93999,NR,64.667,Extra time,3.8713,0.5,60,NR,NR,Sand,49,0,Carcharhinidae,Galeocerdo,cuvier,Galeocerdo cuvier,1,No,
POPMR,19-02_Ponta,19-02_Ponta_037,1/26/2019,North Milibangalala,Restricted use zone,Mackerel,7:35,18,NR,NR,90,Y,-26.28807,32.93999,NR,42.645,Analysis,41.8497,0.5,60,NR,NR,Sand,49,0,Dasyatidae,Himantura,uarnak,Himantura uarnak,1,No,
POPMR,19-02_Ponta,19-02_Ponta_038,1/26/2019,North Milibangalala,Restricted use zone,Mackerel,7:42,12.6,NR,NR,90,Y,-26.29065,32.93763,NR,,,,,60,NR,2208.269,Sand,70,0,,,, ,,,
POPMR,19-02_Ponta,19-02_Ponta_039,1/26/2019,North Milibangalala,Restricted use zone,Mackerel,7:49,11,NR,NR,90,Y,-26.29363,32.93702,NR,,,,,60,NR,3991.853,Sand,51,0,,,, ,,,
POPMR,19-02_Ponta,19-02_Ponta_040,1/26/2019,North Milibangalala,Restricted use zone,Mackerel,7:56,15.5,NR,NR,90,Y,-26.29662,32.93824,NR,,,,,60,NR,4424.545,Patch-reef high,26,0,,,, ,,,
POPMR,19-02_Ponta,19-02_Ponta_041,1/26/2019,North Milibangalala,Restricted use zone,Mackerel,9:34,13.9,NR,NR,90,Y,-26.33007,32.93554,NR,,,,,60,NR,6820.16,Reef high,29,0,,,, ,,,
POPMR,19-02_Ponta,19-02_Ponta_042,1/26/2019,North Milibangalala,Restricted use zone,Mackerel,9:39,14.5,NR,NR,90,Y,-26.33272,32.93587,NR,,,,,60,NR,6095.215,Patch-reef high,44,0,,,, ,,,
POPMR,19-02_Ponta,19-02_Ponta_043,1/26/2019,North Milibangalala,Restricted use zone,Mackerel,9:46,17.3,NR,NR,90,Y,-26.33557,32.93731,NR,50.932,Analysis,50.0013,0.6,60,NR,8048.762,Sand,52,0,Carcharhinidae,Carcharhinus,amblyrhynchos,Carcharhinus amblyrhynchos,1,No,
POPMR,19-02_Ponta,19-02_Ponta_044,1/26/2019,North Milibangalala,Restricted use zone,Mackerel,9:52,7.7,NR,NR,90,Y,-26.3373,32.93728,NR,1.3567,Analysis,0.7817,0.3,60,NR,5421.847,Seagrass,56,0,Carcharhinidae,Carcharhinus,amblyrhynchos,Carcharhinus amblyrhynchos,1,No,
POPMR,19-02_Ponta,19-02_Ponta_045,1/26/2019,North Milibangalala,Restricted use zone,Mackerel,9:58,8.1,NR,NR,90,Y,-26.34139,32.93348,NR,,,,,60,NR,3301.301,Reef low,64,0,,,, ,,,
POPMR,19-02_Ponta,19-02_Ponta_046,1/26/2019,North Milibangalala,Restricted use zone,Mackerel,11:41,25,NR,NR,90,Y,-26.35255,32.97163,NR,1.3627,Analysis,0.2753,1.1,60,NR,7809.612,Sand inundated reef,67,0,Carcharhinidae,Carcharhinus,amblyrhynchos,Carcharhinus amblyrhynchos,1,No,
POPMR,19-02_Ponta,19-02_Ponta_046,1/26/2019,North Milibangalala,Restricted use zone,Mackerel,11:41,25,NR,NR,90,Y,-26.35255,32.97163,NR,6.5503,Analysis,5.463,1.1,60,NR,7809.612,Sand inundated reef,67,0,Carcharhinidae,Triaenodon,obesus,Triaenodon obesus,1,No,
POPMR,19-02_Ponta,19-02_Ponta_046,1/26/2019,North Milibangalala,Restricted use zone,Mackerel,11:41,25,NR,NR,90,Y,-26.35255,32.97163,NR,20.4753,Analysis,19.388,1.1,60,NR,7809.612,Sand inundated reef,67,0,Dasyatidae,Pateobatis,jenkinsii,Pateobatis jenkinsii,1,No,
POPMR,19-02_Ponta,19-02_Ponta_047,1/26/2019,North Milibangalala,Restricted use zone,Mackerel,11:49,15.9,NR,NR,90,Y,-26.35815,32.97372,NR,,,,,60,NR,6351.564,Patch-reef high,47,0,,,, ,,,
POPMR,19-02_Ponta,19-02_Ponta_048,1/26/2019,North Milibangalala,Restricted use zone,Mackerel,11:54,24.1,NR,NR,90,Y,-26.3616,32.97271,NR,45.7667,Analysis,44.8607,0.5,60,NR,3813.929,Reef low,70,0,Carcharhinidae,Carcharhinus,amblyrhynchos,Carcharhinus amblyrhynchos,1,No,No elasmobranchs seen
POPMR,19-02_Ponta,19-02_Ponta_048,1/26/2019,North Milibangalala,Restricted use zone,Mackerel,11:54,24.1,NR,NR,90,Y,-26.3616,32.97271,NR,9.982,Analysis,9.076,0.5,60,NR,3813.929,Reef low,70,0,Carcharhinidae,Galeocerdo,cuvier,Galeocerdo cuvier,1,No,No elasmobranchs seen
POPMR,19-02_Ponta,19-02_Ponta_049,1/26/2019,North Milibangalala,Restricted use zone,Mackerel,12:05,27,NR,NR,90,Y,-26.36626,32.97017,NR,10.2347,Analysis,9.307,0.5,60,NR,4413.372,Reef low,60,0,Carcharhinidae,Carcharhinus,amblyrhynchos,Carcharhinus amblyrhynchos,1,No,No sharks seen
POPMR,19-02_Ponta,19-02_Ponta_049,1/26/2019,North Milibangalala,Restricted use zone,Mackerel,12:05,27,NR,NR,90,Y,-26.36626,32.97017,NR,30.8773,Analysis,29.9497,0.5,60,NR,4413.372,Reef low,60,0,Carcharhinidae,Carcharhinus,humani,Carcharhinus humani,2,No,No sharks seen
POPMR,19-02_Ponta,19-02_Ponta_049,1/26/2019,North Milibangalala,Restricted use zone,Mackerel,12:05,27,NR,NR,90,Y,-26.36626,32.97017,NR,42.71,Analysis,41.7823,0.5,60,NR,4413.372,Reef low,60,0,Dasyatidae,Taeniurops,meyeni,Taeniurops meyeni,1,No,No sharks seen
POPMR,19-02_Ponta,19-02_Ponta_050,1/26/2019,North Milibangalala,Restricted use zone,Mackerel,12:13,32.8,NR,NR,90,Y,-26.3672,32.96965,NR,1.328,Analysis,0.2823,1,41.0123,NR,6232.496,Sand inundated reef,44,0,Carcharhinidae,Triaenodon,obesus,Triaenodon obesus,1,No,Shark seen but did not analyse whole video as it fell over
POPMR,19-02_Ponta,19-02_Ponta_051,1/27/2019,Milibangalala,Restricted use zone,Mackerel,6:39,13.3,NR,NR,90,Y,-26.4681,32.92946,NR,,,,,60,NR,6266.718,Sand,50,0,,,, ,,,
POPMR,19-02_Ponta,19-02_Ponta_052,1/27/2019,Milibangalala,Restricted use zone,Mackerel,6:52,22.6,NR,NR,90,Y,-26.46925,32.93433,NR,1.6203,Analysis,0.6347,1,60,NR,7311.445,Patch-reef high,36,0,Carcharhinidae,Carcharhinus,amblyrhynchos,Carcharhinus amblyrhynchos,1,No,
POPMR,19-02_Ponta,19-02_Ponta_052,1/27/2019,Milibangalala,Restricted use zone,Mackerel,6:52,22.6,NR,NR,90,Y,-26.46925,32.93433,NR,30.672,Analysis,29.6863,1,60,NR,7311.445,Patch-reef high,36,0,Dasyatidae,Pateobatis,fai,Pateobatis fai,1,No,
POPMR,19-02_Ponta,19-02_Ponta_053,1/27/2019,Milibangalala,Restricted use zone,Mackerel,6:59,24.9,NR,NR,90,Y,-26.46501,32.93655,NR,,,,,60,NR,6030.224,Water,100,0,,,, ,,,
POPMR,19-02_Ponta,19-02_Ponta_054,1/27/2019,Milibangalala,Restricted use zone,Mackerel,7:08,26.8,NR,NR,90,Y,-26.46239,32.93794,NR,50.4793,Analysis,49.6433,0.5,60,NR,4964.578,Sand,58,0,Myliobatidae,Mobula,kuhlii,Mobula kuhlii,1,No,
POPMR,19-02_Ponta,19-02_Ponta_055,1/27/2019,Milibangalala,Restricted use zone,Mackerel,7:19,27.1,NR,NR,90,Y,-26.45746,32.93827,NR,,,,,60,NR,6219.333,Sand,60,0,,,, ,,,
POPMR,19-02_Ponta,19-02_Ponta_056,1/27/2019,Milibangalala,Restricted use zone,Mackerel,9:18,28.4,NR,NR,90,Y,-26.39931,32.97199,NR,48.437,Analysis,46.8433,1.4,60,NR,9107.146,Patch-reef low,48,0,Carcharhinidae,Carcharhinus,leucas,Carcharhinus leucas,1,No,
POPMR,19-02_Ponta,19-02_Ponta_057,1/27/2019,Milibangalala,Restricted use zone,Mackerel,9:29,22,NR,NR,90,Y,-26.40151,32.97112,NR,1.8247,Analysis,0.9417,0.5,60,NR,8271.726,Patch-reef low,54,0,Carcharhinidae,Carcharhinus,amblyrhynchos,Carcharhinus amblyrhynchos,1,No,
POPMR,19-02_Ponta,19-02_Ponta_058,1/27/2019,Milibangalala,Restricted use zone,Mackerel,9:39,32,NR,NR,90,Y,-26.40308,32.97038,NR,,,,,60,NR,10004.44,Sand inundated reef,100,0,,,, ,,,
POPMR,19-02_Ponta,19-02_Ponta_059,1/27/2019,Milibangalala,Restricted use zone,Mackerel,9:50,28.1,NR,NR,90,Y,-26.40087,32.96973,NR,,,,,60,NR,6645.931,Reef low,17,0,,,, ,,,
POPMR,19-02_Ponta,19-02_Ponta_060,1/27/2019,Milibangalala,Restricted use zone,Mackerel,10:08,29.4,NR,NR,90,Y,-26.39916,32.97206,NR,,,,,60,NR,10602.696,Sand inundated reef,100,0,,,, ,,,
POPMR,19-02_Ponta,19-02_Ponta_061,1/27/2019,Milibangalala,Restricted use zone,Mackerel,11:39,18,NR,NR,90,Y,-26.41729,32.9295,NR,,,,,60,NR,6001.191,Reef high,100,0,,,, ,,,
POPMR,19-02_Ponta,19-02_Ponta_062,1/27/2019,Milibangalala,Restricted use zone,Mackerel,11:48,18.2,NR,NR,90,Y,-26.42292,32.92857,NR,,,,,60,NR,5627.979,Reef low,57,0,,,, ,,,
POPMR,19-02_Ponta,19-02_Ponta_063,1/27/2019,Milibangalala,Restricted use zone,Mackerel,11:58,17.7,NR,NR,90,Y,-26.42588,32.93406,NR,55.4427,Analysis,54.7153,0.4,60,NR,7353.206,Reef low,56,0,Rhinidae,Rhynchobatus,djiddensis,Rhynchobatus djiddensis,1,No,
POPMR,19-02_Ponta,19-02_Ponta_064,1/27/2019,Milibangalala,Restricted use zone,Mackerel,12:06,13.7,NR,NR,90,Y,-26.42857,32.94108,NR,25.5093,Analysis,24.819,0.4,60,NR,10751.307,Reef high,41,0,Dasyatidae,Taeniurops,meyeni,Taeniurops meyeni,1,No,
POPMR,19-02_Ponta,19-02_Ponta_065,1/27/2019,Milibangalala,Restricted use zone,Mackerel,12:13,20,NR,NR,90,Y,-26.43246,32.94034,NR,,,,,60,NR,4078.256,Sand inundated reef,58,0,,,, ,,,
POPMR,19-02_Ponta,19-02_Ponta_066,1/28/2019,Techobanine,Multiple use zone,Mackerel,7:23,8,NR,NR,60,Y,-26.67881,32.90342,NR,,,,,60,NR,1253.627,Reef high,0,0,,,, ,,,
POPMR,19-02_Ponta,19-02_Ponta_067,1/28/2019,Techobanine,Multiple use zone,Mackerel,7:28,8.5,NR,NR,60,Y,-26.67646,32.90308,NR,,,,,3.2,NR,5063.716,Reef high,75,0,,,, ,,,
POPMR,19-02_Ponta,19-02_Ponta_068,1/28/2019,Techobanine,Multiple use zone,Mackerel,7:35,16.3,NR,NR,60,Y,-26.67408,32.90903,NR,,,,,60,NR,2103.678,Patch-reef low,0,0,,,, ,,,
POPMR,19-02_Ponta,19-02_Ponta_069,1/28/2019,Techobanine,Multiple use zone,Mackerel,7:44,17.5,NR,NR,60,Y,-26.67175,32.91058,NR,,,,,60,NR,5260.893,Sand,55,0,,,, ,,,
POPMR,19-02_Ponta,19-02_Ponta_070,1/28/2019,Techobanine,Multiple use zone,Mackerel,7:48,12.3,NR,NR,60,Y,-26.63991,32.90893,NR,23.949,Analysis camera facing into reef,23.209,0.3,60,NR,NR,Reef high,100,0,Dasyatidae,Taeniura,lymma,Taeniura lymma,1,No,Camera towards reef
POPMR,19-02_Ponta,19-02_Ponta_071,1/28/2019,South Milibangalala,Sanctuary zone,Mackerel,9:38,15.7,NR,NR,60,Y,-26.63765,32.90185,NR,,,,,60,NR,5455.382,Sand,60,0,,,, ,,,
POPMR,19-02_Ponta,19-02_Ponta_072,1/28/2019,South Milibangalala,Sanctuary zone,Mackerel,9:43,15,NR,NR,60,Y,-26.64006,32.90434,NR,,,,,60,NR,NR,Reef low,51,0,,,, ,,,
POPMR,19-02_Ponta,19-02_Ponta_073,1/28/2019,South Milibangalala,Sanctuary zone,Mackerel,9:47,12.6,NR,NR,60,Y,-26.64132,32.90807,NR,,,,,60,NR,5175.964,Seagrass,46,0,,,, ,,,
POPMR,19-02_Ponta,19-02_Ponta_074,1/28/2019,South Milibangalala,Sanctuary zone,Mackerel,9:52,17.1,NR,NR,60,Y,-26.6416,32.9118,NR,,,,,60,NR,NR,Patch-reef low,94,0,,,, ,,,
POPMR,19-02_Ponta,19-02_Ponta_075,1/28/2019,South Milibangalala,Sanctuary zone,Mackerel,9:59,24.7,NR,NR,60,Y,-26.64099,32.91533,NR,,,,,60,NR,6072.621,Coral rubble,56,0,,,, ,,,
POPMR,19-02_Ponta,19-02_Ponta_076,1/28/2019,South Milibangalala,Sanctuary zone,Mackerel,11:51,13.5,NR,NR,60,Y,-26.61534,32.90612,NR,,,,,60,NR,6722.51,Patch-reef high,89,0,,,, ,,,
POPMR,19-02_Ponta,19-02_Ponta_077,1/28/2019,South Milibangalala,Sanctuary zone,Mackerel,11:58,9,NR,NR,60,Y,-26.61078,32.90967,NR,29.901,Analysis,29.0547,0.5,60,NR,5257.072,Reef high,3,0,Dasyatidae,Taeniura,lymma,Taeniura lymma,1,No,
POPMR,19-02_Ponta,19-02_Ponta_078,1/28/2019,South Milibangalala,Sanctuary zone,Mackerel,12:02,19,NR,NR,60,Y,-26.6077,32.91323,NR,,,,,60,NR,5906.522,Patch-reef high,49,0,,,, ,,,
POPMR,19-02_Ponta,19-02_Ponta_079,1/28/2019,South Milibangalala,Sanctuary zone,Mackerel,12:08,24.9,NR,NR,60,Y,-26.60441,32.91409,NR,,,,,60,NR,7793.902,Patch-reef high,41,0,,,, ,,,
POPMR,19-02_Ponta,19-02_Ponta_080,1/28/2019,South Milibangalala,Sanctuary zone,Mackerel,12:12,26,NR,NR,60,Y,-26.6014,32.91451,NR,,,,,60,NR,2916.554,Reef high,13,0,,,, ,,,
POPMR,19-02_Ponta,19-02_Ponta_081,1/28/2019,South Milibangalala,Sanctuary zone,Mackerel,13:48,11.2,NR,NR,60,Y,-26.57517,32.91082,NR,,,,,60,NR,4726.6,Sand,50,0,,,, ,,,
POPMR,19-02_Ponta,19-02_Ponta_082,1/28/2019,South Milibangalala,Sanctuary zone,Mackerel,13:56,14.5,NR,NR,60,Y,-26.57347,32.91346,NR,,,,,60,NR,3853.994,Reef low,40,0,,,, ,,,
POPMR,19-02_Ponta,19-02_Ponta_083,1/28/2019,South Milibangalala,Sanctuary zone,Mackerel,14:00,11.6,NR,NR,60,Y,-26.57019,32.91241,NR,,,,,60,NR,3459.952,Reef high,45,0,,,, ,,,
POPMR,19-02_Ponta,19-02_Ponta_084,1/28/2019,South Milibangalala,Sanctuary zone,Mackerel,14:05,10.3,NR,NR,60,Y,-26.56701,32.91229,NR,,,,,60,NR,NR,Patch-reef high,51,0,,,, ,,,
POPMR,19-02_Ponta,19-02_Ponta_085,1/28/2019,South Milibangalala,Sanctuary zone,Mackerel,14:10,19.3,NR,NR,60,Y,-26.56636,32.91533,NR,,,,,60,NR,6790.078,Patch-reef high,61,0,,,, ,,,
POPMR,19-02_Ponta,19-02_Ponta_086,1/28/2019,South Milibangalala,Restricted use zone,Mackerel,6:45,10.2,NR,NR,60,Y,-26.53936,32.91758,NR,38.1823,Analysis,37.6013,0.3,60,NR,4623.285,Sand,59,0,Dasyatidae,Himantura,uarnak,Himantura uarnak,1,No,
POPMR,19-02_Ponta,19-02_Ponta_086,1/28/2019,South Milibangalala,Restricted use zone,Mackerel,6:45,10.2,NR,NR,60,Y,-26.53936,32.91758,NR,38.011,Analysis,37.43,0.3,60,NR,4623.285,Sand,59,0,Rhinidae,Rhynchobatus,djiddensis,Rhynchobatus djiddensis,1,No,
POPMR,19-02_Ponta,19-02_Ponta_087,1/29/2019,South Milibangalala,Restricted use zone,Mackerel,6:51,13,NR,NR,40,N,-26.53606,32.91917,NR,27.84,Analysis,27.1853,0.4,60,NR,3842.544,Sand,47,0,Dasyatidae,Himantura,uarnak,Himantura uarnak,1,No,
POPMR,19-02_Ponta,19-02_Ponta_087,1/29/2019,South Milibangalala,Restricted use zone,Mackerel,6:51,13,NR,NR,40,N,-26.53606,32.91917,NR,39.0573,Analysis,38.4027,0.4,60,NR,3842.544,Sand,47,0,Rhinidae,Rhynchobatus,djiddensis,Rhynchobatus djiddensis,1,No,
POPMR,19-02_Ponta,19-02_Ponta_088,1/29/2019,South Milibangalala,Restricted use zone,Mackerel,6:55,20.4,NR,NR,40,N,-26.53471,32.92224,NR,46.3083,Analysis,45.3753,0.6,60,NR,6044.084,Sand,46,0,Dasyatidae,Pateobatis,jenkinsii,Pateobatis jenkinsii,1,No,
POPMR,19-02_Ponta,19-02_Ponta_089,1/29/2019,South Milibangalala,Restricted use zone,Mackerel,7:02,22.1,NR,NR,40,N,-26.53186,32.92401,NR,,,,,60,NR,2553.562,Sand,52,0,,,, ,,,
POPMR,19-02_Ponta,19-02_Ponta_090,1/29/2019,South Milibangalala,Restricted use zone,Mackerel,7:12,14.1,NR,NR,40,N,-26.52939,32.92172,NR,29.579,Analysis,28.2787,1.2,60,NR,3278.982,Sand,47,0,Dasyatidae,Himantura,uarnak,Himantura uarnak,1,No,
POPMR,19-02_Ponta,19-02_Ponta_091,1/29/2019,South Milibangalala,Restricted use zone,Mackerel,8:48,7.5,NR,NR,40,N,-26.50275,32.91883,NR,,,,,60,NR,3084.228,Water,100,0,,,, ,,,
POPMR,19-02_Ponta,19-02_Ponta_092,1/29/2019,South Milibangalala,Restricted use zone,Mackerel,8:53,17,NR,NR,40,N,-26.50225,32.92297,NR,17.5183,Analysis,16.8587,0.4,60,NR,5137.17,Sand,54,0,Dasyatidae,Himantura,uarnak,Himantura uarnak,1,No,
POPMR,19-02_Ponta,19-02_Ponta_093,1/29/2019,South Milibangalala,Restricted use zone,Mackerel,8:58,21.3,NR,NR,40,N,-26.49986,32.92621,NR,,,,,60,NR,4708.976,Sand,49,0,,,, ,,,
POPMR,19-02_Ponta,19-02_Ponta_094,1/29/2019,South Milibangalala,Restricted use zone,Mackerel,9:02,23.9,NR,NR,40,N,-26.49768,32.92908,NR,,,,,60,NR,3226.538,Sand,51,0,,,, ,,,
POPMR,19-02_Ponta,19-02_Ponta_095,1/29/2019,South Milibangalala,Restricted use zone,Mackerel,9:07,27.6,NR,NR,40,N,-26.49512,32.93163,NR,7.8127,Analysis,6.7773,1,60,NR,NR,Sand,54,0,Dasyatidae,Pateobatis,fai,Pateobatis fai,1,No,Cant synch cams because first and last R clips are missing/incorrect format; Excellent vis
POPMR,19-02_Ponta,19-02_Ponta_095,1/29/2019,South Milibangalala,Restricted use zone,Mackerel,9:07,27.6,NR,NR,40,N,-26.49512,32.93163,NR,18.4263,Analysis,17.391,1,60,NR,NR,Sand,54,0,Rhinidae,Rhynchobatus,djiddensis,Rhynchobatus djiddensis,1,No,Cant synch cams because first and last R clips are missing/incorrect format; Excellent vis
POPMR,19-02_Ponta,19-02_Ponta_096,1/31/2019,Ponta do Ouro,Multiple use zone,Mackerel,7:21,12,NR,NR,40,N,-26.731,32.90589,NR,28.974,Analysis,22.8707,6.1,60,NR,2038.366,Sand,46,0,Dasyatidae,Pateobatis,jenkinsii,Pateobatis jenkinsii,1,No,
POPMR,19-02_Ponta,19-02_Ponta_097,1/31/2019,Ponta do Ouro,Multiple use zone,Mackerel,7:29,12,NR,NR,40,N,-26.7335,32.90622,NR,,,,,60,NR,5858.025,Patch-reef high,39,55,,,, ,,,
POPMR,19-02_Ponta,19-02_Ponta_098,1/31/2019,Ponta do Ouro,Multiple use zone,Mackerel,7:37,11,NR,NR,40,N,-26.73989,32.90628,NR,20.7717,Analysis,0,1.3,60,NR,NR,Sand,31,0,Dasyatidae,Himantura,uarnak,Himantura uarnak,1,No,"MaxN from Rcam no measurements; excellent vis, rope obstruct LHS "
POPMR,19-02_Ponta,19-02_Ponta_099,1/31/2019,Ponta do Ouro,Multiple use zone,Mackerel,7:48,18.2,NR,NR,40,N,-26.73866,32.9088,NR,46.9347,Analysis,45.4893,1.3,60,NR,2974.305,Patch-reef low,35,0,Dasyatidae,Pateobatis,jenkinsii,Pateobatis jenkinsii,1,No,Lcam appears to be zoomed in so measurements are questionable
POPMR,19-02_Ponta,19-02_Ponta_100,1/31/2019,Ponta do Ouro,Multiple use zone,Mackerel,7:58,12.5,NR,NR,40,N,-26.74369,32.90611,NR,15.6727,Analysis,14.7647,0.5,60,NR,9138.63,Sand,52,0,Dasyatidae,Himantura,uarnak,Himantura uarnak,1,No,
POPMR,19-02_Ponta,19-02_Ponta_100,1/31/2019,Ponta do Ouro,Multiple use zone,Mackerel,7:58,12.5,NR,NR,40,N,-26.74369,32.90611,NR,4.2633,Analysis,3.3553,0.5,60,NR,9138.63,Sand,52,0,Dasyatidae,Pateobatis,jenkinsii,Pateobatis jenkinsii,1,No,
POPMR,19-02_Ponta,19-02_Ponta_100,1/31/2019,Ponta do Ouro,Multiple use zone,Mackerel,7:58,12.5,NR,NR,40,N,-26.74369,32.90611,NR,29.5593,Analysis,28.6513,0.5,60,NR,9138.63,Sand,52,0,Stegostomatidae,Stegostoma,fasciatum,Stegostoma fasciatum,1,No,
POPMR,19-02_Ponta,19-02_Ponta_101,1/31/2019,Ponta do Ouro,Multiple use zone,Mackerel,9:20,14,NR,NR,40,N,-26.75921,32.90315,NR,1.4703,Analysis,0.515,0.6,60,NR,6044.437,Reef high,13,0,Carcharhinidae,Triaenodon,obesus,Triaenodon obesus,1,No,
POPMR,19-02_Ponta,19-02_Ponta_101,1/31/2019,Ponta do Ouro,Multiple use zone,Mackerel,9:20,14,NR,NR,40,N,-26.75921,32.90315,NR,64.1337,Extra time,3.178,0.6,60,NR,6044.437,Reef high,13,0,Dasyatidae,Taeniurops,meyeni,Taeniurops meyeni,1,No,
POPMR,19-02_Ponta,19-02_Ponta_102,1/31/2019,Ponta do Ouro,Multiple use zone,Mackerel,9:26,14.8,NR,NR,40,N,-26.76457,32.90222,NR,,,,,60,NR,NR,Reef high,16,0,,,, ,,,
POPMR,19-02_Ponta,19-02_Ponta_103,1/31/2019,Ponta do Ouro,Multiple use zone,Mackerel,9:31,24.6,NR,NR,40,N,-26.76212,32.90641,NR,,,,,60,NR,2197.843,Patch-reef low,77,0,,,, ,,,
POPMR,19-02_Ponta,19-02_Ponta_104,1/31/2019,Ponta do Ouro,Multiple use zone,Mackerel,9:36,24,NR,NR,40,N,-26.75954,32.90679,NR,,,,,60,NR,7750.199,Patch-reef low,32,0,,,, ,,,
POPMR,19-02_Ponta,19-02_Ponta_105,1/31/2019,Ponta do Ouro,Multiple use zone,Mackerel,9:41,14,NR,NR,40,N,-26.76505,32.90273,NR,,,,,60,NR,6937.273,Reef high,40,0,,,, ,,,
POPMR,19-02_Ponta,19-02_Ponta_106,1/31/2019,Ponta do Ouro,Multiple use zone,Mackerel,11:17,21,NR,NR,40,N,-26.77851,32.90411,NR,,,,,60,NR,NR,Reef low,12,0,,,, ,,,
POPMR,19-02_Ponta,19-02_Ponta_107,1/31/2019,Ponta do Ouro,Multiple use zone,Mackerel,11:23,22,NR,NR,40,N,-26.78263,32.90353,NR,,,,,0,NR,4734.957,Reef high,0,0,,,, ,,,
POPMR,19-02_Ponta,19-02_Ponta_108,1/31/2019,Ponta do Ouro,Multiple use zone,Mackerel,11:29,14,NR,NR,40,N,-26.78604,32.90022,NR,,,,,60,NR,3245.606,Reef low,53,0,,,, ,,,
POPMR,19-02_Ponta,19-02_Ponta_109,1/31/2019,Ponta do Ouro,Multiple use zone,Mackerel,11:34,12,NR,NR,40,N,-26.78341,32.89953,NR,,,,,60,NR,4042.735,Reef high,44,0,,,, ,,,
POPMR,19-02_Ponta,19-02_Ponta_110,1/31/2019,Ponta do Ouro,Multiple use zone,Mackerel,11:40,14.9,NR,NR,40,N,-26.78016,32.89911,NR,66.648,Extra time,5.6597,0.6,60,NR,6986.984,Reef high,29,0,Carcharhinidae,Carcharhinus,amblyrhynchos,Carcharhinus amblyrhynchos,1,No,
POPMR,19-02_Ponta,19-02_Ponta_111,1/31/2019,Ponta do Ouro,Multiple use zone,Mackerel,13:13,12,NR,NR,40,N,-26.81062,32.89505,NR,12.1707,Analysis,11.1133,1,60,NR,3998.552,Sand,43,0,Dasyatidae,Pateobatis,jenkinsii,Pateobatis jenkinsii,1,No,
POPMR,19-02_Ponta,19-02_Ponta_111,1/31/2019,Ponta do Ouro,Multiple use zone,Mackerel,13:13,12,NR,NR,40,N,-26.81062,32.89505,NR,30.9233,Analysis,29.866,1,60,NR,3998.552,Sand,43,0,Rhinidae,Rhynchobatus,djiddensis,Rhynchobatus djiddensis,1,No,
POPMR,19-02_Ponta,19-02_Ponta_112,1/31/2019,Ponta do Ouro,Multiple use zone,Mackerel,13:19,15,NR,NR,40,N,-26.81355,32.89548,NR,49.3347,Analysis,48.0203,1.2,60,NR,3226.585,Patch-reef low,38,0,Dasyatidae,Taeniurops,meyeni,Taeniurops meyeni,1,No,
POPMR,19-02_Ponta,19-02_Ponta_113,1/31/2019,Ponta do Ouro,Multiple use zone,Mackerel,13:37,15,NR,NR,40,N,-26.8171,32.89522,NR,18.2697,Analysis,17.195,1,60,NR,7724.934,Patch-reef low,37,0,Dasyatidae,Taeniurops,meyeni,Taeniurops meyeni,1,No,
POPMR,19-02_Ponta,19-02_Ponta_113,1/31/2019,Ponta do Ouro,Multiple use zone,Mackerel,13:37,15,NR,NR,40,N,-26.8171,32.89522,NR,3.5503,Analysis,2.4757,1,60,NR,7724.934,Patch-reef low,37,0,Rhinidae,Rhynchobatus,djiddensis,Rhynchobatus djiddensis,1,No,
POPMR,19-02_Ponta,19-02_Ponta_114,1/31/2019,Ponta do Ouro,Multiple use zone,Mackerel,13:45,16,NR,NR,40,N,-26.82183,32.89655,NR,1.997,Analysis,1.0863,0.5,60,NR,8954.658,Patch-reef low,46,0,Carcharhinidae,Carcharhinus,amblyrhynchos,Carcharhinus amblyrhynchos,1,No,
POPMR,19-02_Ponta,19-02_Ponta_115,1/31/2019,Ponta do Ouro,Multiple use zone,Mackerel,13:51,16,NR,NR,40,N,-26.82308,32.89494,NR,,,,,60,NR,3763.449,Reef high,47,0,,,, ,,,
POPMR,19-02_Ponta,19-02_Ponta_116,2/1/2019,Techobanine,Multiple use zone,Mackerel,8:24,10,NR,NR,60,Y,-26.66809,32.90687,NR,,,,,60,NR,7680.095,Seagrass,42,0,,,, ,,,
POPMR,19-02_Ponta,19-02_Ponta_117,2/1/2019,Techobanine,Multiple use zone,Mackerel,8:32,12,NR,NR,60,Y,-26.67089,32.90718,NR,3.1877,Analysis,2.4397,0.4,60,NR,6974.335,Reef low,34,0,Carcharhinidae,Carcharhinus,amblyrhynchos,Carcharhinus amblyrhynchos,1,No,
POPMR,19-02_Ponta,19-02_Ponta_118,2/1/2019,Techobanine,Multiple use zone,Mackerel,8:40,9.6,NR,NR,60,Y,-26.67364,32.90752,NR,,,,,60,NR,7214.147,Patch-reef low,65,0,,,, ,,,
POPMR,19-02_Ponta,19-02_Ponta_119,2/1/2019,Techobanine,Multiple use zone,Mackerel,8:47,9,NR,NR,60,Y,-26.67656,32.90673,NR,,,,,60,NR,4142.227,Reef high,0,0,,,, ,,,
POPMR,19-02_Ponta,19-02_Ponta_120,2/1/2019,Techobanine,Multiple use zone,Mackerel,8:55,10,NR,NR,60,Y,-26.67953,32.90642,NR,44.088,Analysis,43.4623,0.4,60,NR,NR,Reef high,59,0,Dasyatidae,Taeniura,lymma,Taeniura lymma,1,No,MaxN from Rcam no measurements; Vis excellent
POPMR,19-02_Ponta,19-02_Ponta_121,2/1/2019,South Techobanine,Multiple use zone,Mackerel,10:21,17,NR,NR,60,Y,-26.70158,32.91137,NR,,,,,60,NR,7261.407,Sand,52,0,,,, ,,,
POPMR,19-02_Ponta,19-02_Ponta_122,2/1/2019,South Techobanine,Multiple use zone,Mackerel,10:27,10,NR,NR,60,Y,-26.70234,32.90858,NR,27.6357,Analysis,26.844,0.5,60,NR,8045.978,Sand,53,0,Dasyatidae,Himantura,uarnak,Himantura uarnak,1,No,
POPMR,19-02_Ponta,19-02_Ponta_123,2/1/2019,South Techobanine,Multiple use zone,Mackerel,10:33,9,NR,NR,60,Y,-26.70359,32.90512,NR,4.576,Analysis,3.826,0.5,60,NR,6269.465,Patch-reef low,38,0,Dasyatidae,Pateobatis,jenkinsii,Pateobatis jenkinsii,1,No,
POPMR,19-02_Ponta,19-02_Ponta_124,2/1/2019,South Techobanine,Multiple use zone,Mackerel,10:39,6,NR,NR,60,Y,-26.70604,32.90734,NR,,,,,60,NR,5940.226,Reef high,45,0,,,, ,,,
POPMR,19-02_Ponta,19-02_Ponta_125,2/1/2019,South Techobanine,Multiple use zone,Mackerel,10:47,9.3,NR,NR,60,Y,-26.70889,32.90783,NR,,,,,60,NR,8367.619,Patch-reef high,32,0,,,, ,,,
POPMR,19-02_Ponta,19-02_Ponta_126,2/1/2019,Ponta do Ouro,Multiple use zone,Mackerel,12:40,32,NR,NR,60,Y,-26.75538,32.93682,NR,87.9353,Extra time ,25.0943,2.3,60,NR,8556.234,Reef high,2,0,Carcharhinidae,Carcharhinus,limbatus,Carcharhinus limbatus,1,No,
POPMR,19-02_Ponta,19-02_Ponta_126,2/1/2019,Ponta do Ouro,Multiple use zone,Mackerel,12:40,32,NR,NR,60,Y,-26.75538,32.93682,NR,106.4807,Extra time ,43.6397,2.3,60,NR,8556.234,Reef high,2,0,Dasyatidae,Taeniurops,meyeni,Taeniurops meyeni,2,No,
POPMR,19-02_Ponta,19-02_Ponta_127,2/1/2019,Ponta do Ouro,Multiple use zone,Mackerel,13:00,42,NR,NR,60,Y,-26.75831,32.9362,NR,4.8183,Analysis,3.296,1.3,3.4,NR,7447.15,Patch-reef low,0,0,Carcharhinidae,Carcharhinus,albimarginatus,Carcharhinus albimarginatus,1,No,Camera system fell upside down
POPMR,19-02_Ponta,19-02_Ponta_128,2/1/2019,Ponta do Ouro,Multiple use zone,Mackerel,15:53,17,NR,NR,60,Y,-26.82755,32.89617,NR,13.587,Analysis,11.8137,1.5,60,NR,2892.798,Sand,53,0,Dasyatidae,Himantura,uarnak,Himantura uarnak,1,No,
POPMR,19-02_Ponta,19-02_Ponta_128,2/1/2019,Ponta do Ouro,Multiple use zone,Mackerel,15:53,17,NR,NR,60,Y,-26.82755,32.89617,NR,7.541,Analysis,5.7677,1.5,60,NR,2892.798,Sand,53,0,Dasyatidae,Pateobatis,jenkinsii,Pateobatis jenkinsii,1,No,
POPMR,19-02_Ponta,19-02_Ponta_128,2/1/2019,Ponta do Ouro,Multiple use zone,Mackerel,15:53,17,NR,NR,60,Y,-26.82755,32.89617,NR,20.3253,Analysis,18.552,1.5,60,NR,2892.798,Sand,53,0,Dasyatidae,Taeniurops,meyeni,Taeniurops meyeni,1,No,
POPMR,19-02_Ponta,19-02_Ponta_129,2/1/2019,Ponta do Ouro,Multiple use zone,Mackerel,16:07,16,NR,NR,60,Y,-26.83137,32.89599,NR,25.5607,Analysis,24.65,0.5,60,NR,3926.566,Sand,48,0,Dasyatidae,Pateobatis,fai,Pateobatis fai,1,No,
Pemba,18-11_Pemba,18-11_Pemba_001,11/24/2018,Mefunvo,Protected,Carapau,9:02,18,NR,NR,NR,NR,-12.56487502,40.61840203,NR,6.933,Analysis,0,6.6,60,27.22,7085.222,Seagrass,50,0,,,, ,,,
Pemba,18-11_Pemba,18-11_Pemba_002,11/24/2018,Mefunvo,Protected,Carapau,9:13,20,NR,NR,NR,NR,-12.56202299,40.61928196,NR,5.7775,Analysis,0,5.6,59.8,26.77,8542.221,Sand inundated reef,42,0,,,, ,,,
Pemba,18-11_Pemba,18-11_Pemba_003,11/24/2018,Mefunvo,Protected,Carapau,9:22,16,NR,NR,NR,NR,-12.55875103,40.61864804,NR,4.7878,Analysis,0,4.5,60,26.91,8602.335,Sand inundated reef,44,0,,,, ,,,
Pemba,18-11_Pemba,18-11_Pemba_004,11/24/2018,Mefunvo,Protected,Carapau,9:30,16,NR,NR,NR,NR,-12.55511999,40.61844997,NR,3.9393,Analysis,0,3.6,60,NR,7000,Sand inundated reef,41,0,,,, ,,,
Pemba,18-11_Pemba,18-11_Pemba_005,11/24/2018,Mefunvo,Protected,Carapau,10:53,21.5,NR,NR,NR,NR,-12.53580297,40.62132597,NR,3.8579,Analysis,0,3.5,60,26.98,9865.321,Seagrass,45,0,,,, ,,,
Pemba,18-11_Pemba,18-11_Pemba_006,11/24/2018,Mefunvo,Protected,Carapau,11:02,14,NR,NR,NR,NR,-12.53180397,40.61966501,NR,7.209,Analysis,0,7.1,60,27.31,9854.566,Reef low,51,2,,,, ,,,
Pemba,18-11_Pemba,18-11_Pemba_008,11/24/2018,Mefunvo,Protected,Carapau,11:15,22,NR,NR,NR,NR,-12.522677,40.620469,NR,3.8812,Analysis,0,3.9,60,27.48,10000,Reef low,42,0,,,, ,,,
Pemba,18-11_Pemba,18-11_Pemba_009,11/24/2018,Mefunvo,Protected,Carapau,13:16,16,NR,NR,NR,NR,-12.50219498,40.64616499,NR,3.1578,Analysis,0,3.1,60,NR,8954.21,Reef low,48,0,,,, ,,,
Pemba,18-11_Pemba,18-11_Pemba_010,11/24/2018,Mefunvo,Protected,Carapau,13:24,21,NR,NR,NR,NR,-12.49951604,40.64922597,NR,4.8033,Analysis,0,4.8,60,27.54,7400.212,Reef low,42,5,,,, ,,,
Pemba,18-11_Pemba,18-11_Pemba_011,11/24/2018,Mefunvo,Protected,Carapau,13:30,23.8,NR,NR,NR,NR,-12.49637702,40.65080898,NR,3.8333,Analysis,0,3.5,17,27.87,8002.225,Reef low,46,2,,,, ,,,
Pemba,18-11_Pemba,18-11_Pemba_013,11/25/2018,Ibo,Protected,Carapau,6:54,16,NR,NR,NR,NR,-12.40450096,40.64130901,NR,4.2003,Analysis,0,4.1,60,27,9784.232,Patch-reef high,34,10,,,, ,,,
Pemba,18-11_Pemba,18-11_Pemba_014,11/25/2018,Ibo,Protected,Carapau,7:01,14,NR,NR,NR,NR,-12.40111501,40.64053101,NR,19.4323,Analysis,14.3587,5,60,NR,8050.221,Patch-reef high,30,10,Dasyatidae,Neotrygon,caeruleopunctata ,Neotrygon caeruleopunctata ,1,No,
Pemba,18-11_Pemba,18-11_Pemba_015,11/25/2018,Ibo,Protected,Carapau,7:07,21.5,NR,NR,NR,NR,-12.39769503,40.64239598,NR,4.0291,Analysis,0,4,60,27.48,7949.33,Reef low,50,2,,,, ,,,
Pemba,18-11_Pemba,18-11_Pemba_016,11/25/2018,Ibo,Protected,Carapau,8:23,18,NR,NR,NR,NR,-12.39461099,40.64148998,NR,5.7575,Analysis,0,5.5,60,27.67,8745.212,Patch-reef low,42,0,,,, ,,,
Pemba,18-11_Pemba,18-11_Pemba_017,11/25/2018,Ibo,Protected,Carapau,8:30,22.5,NR,NR,NR,NR,-12.39176801,40.641738,NR,3.9233,Analysis,0,3.6,60,27.57,11488.289,Sand inundated reef,48,0,,,, ,,,
Pemba,18-11_Pemba,18-11_Pemba_018,11/25/2018,Ibo,Protected,Carapau,8:36,14,NR,NR,NR,NR,-12.38825097,40.63979197,NR,3.657,Analysis,0,3.4,60,27.08,7458.233,Sand inundated reef,41,6,,,, ,,,
Pemba,18-11_Pemba,18-11_Pemba_019,11/25/2018,Ibo,Protected,Carapau,10:11,20,NR,NR,NR,NR,-12.34671503,40.63689996,NR,3.3533,Analysis,0,3.2,60,26.82,10101.235,Reef low,42,0,,,, ,,,
Pemba,18-11_Pemba,18-11_Pemba_020,11/25/2018,Ibo,Protected,Carapau,10:23,18.5,NR,NR,NR,NR,-12.34440599,40.63603696,NR,2.9177,Analysis,0,2.6,60,27.17,NR,Reef high,39,2,,,, ,,,
Pemba,18-11_Pemba,18-11_Pemba_021,11/25/2018,Ibo,Protected,Carapau,10:30,15.5,NR,NR,NR,NR,-12.34073999,40.63366396,NR,5.2727,Analysis,0,5.2,60,26.98,7004.156,Patch-reef high,43,0,,,, ,,,
Pemba,18-11_Pemba,18-11_Pemba_022,11/25/2018,Ibo,Protected,Carapau,12:03,12,NR,NR,NR,NR,-12.337621,40.63073399,NR,3.0603,Analysis,0,3,57,27.26,6986.323,Reef low,46,5,,,, ,,,
Pemba,18-11_Pemba,18-11_Pemba_023,11/25/2018,Ibo,Protected,Carapau,12:10,19,NR,NR,NR,NR,-12.33398804,40.62978297,NR,55.133,Analysis,50.3213,4.5,60,26.83,6845.253,Reef high,52,10,Dasyatidae,Neotrygon,caeruleopunctata ,Neotrygon caeruleopunctata ,1,No,
Pemba,18-11_Pemba,18-11_Pemba_024,11/25/2018,Ibo,Protected,Carapau,12:19,17.3,NR,NR,NR,NR,-12.33033202,40.62629703,NR,3.7817,Analysis,0,3.5,60,27.83,7005.98,Patch-reef high,48,10,,,, ,,,
Pemba,18-11_Pemba,18-11_Pemba_025,11/25/2018,Ibo,Protected,Carapau,14:07,24,NR,NR,NR,NR,-12.32488998,40.62323,NR,4.128,Analysis,0,4.1,60,27.76,9465.366,Reef low,42,1,,,, ,,,
Pemba,18-11_Pemba,18-11_Pemba_026,11/25/2018,Ibo,Protected,Carapau,14:14,25,NR,NR,NR,NR,-12.32084404,40.62076396,NR,4.7243,Analysis,0,4.4,60,27.89,8747.251,Sand inundated reef,34,0,,,, ,,,
Pemba,18-11_Pemba,18-11_Pemba_027,11/25/2018,Ibo,Protected,Carapau,14:21,19.1,NR,NR,NR,NR,-12.31815596,40.61565704,NR,53.2137,Analysis,48.3113,4.5,60,26.49,NR,Sand inundated reef,41,0,Dasyatidae,Pastinachus,ater,Pastinachus ater,1,No,
Pemba,18-11_Pemba,18-11_Pemba_028,11/26/2018,Matemo,Protected,Carapau,6:56,14,NR,NR,NR,NR,-12.24532904,40.63689996,NR,5.835,Analysis,0,5.5,60,26.5,9665.362,Reef high,90,0,,,, ,,,
Pemba,18-11_Pemba,18-11_Pemba_029,11/26/2018,Matemo,Protected,Carapau,7:02,15.5,NR,NR,NR,NR,-12.241483,40.63851197,NR,4.0647,Analysis,0,5,60,26.71,12445.212,Reef high,36,30,,,, ,,,
Pemba,18-11_Pemba,18-11_Pemba_030,11/26/2018,Matemo,Protected,Carapau,7:10,15,NR,NR,NR,NR,-12.23846602,40.63789104,NR,24.154,Analysis,20.4987,3.4,60,27.76,9570.256,Reef high,42,15,Dasyatidae,Taeniura,lymma,Taeniura lymma,1,No,
Pemba,18-11_Pemba,18-11_Pemba_031,11/26/2018,Matemo,Protected,Carapau,8:21,14,NR,NR,NR,NR,-12.23484102,40.63659897,NR,3.426,Analysis,0,3.3,60,27.9,10258.341,Reef high,42,20,,,, ,,,
Pemba,18-11_Pemba,18-11_Pemba_032,11/26/2018,Matemo,Protected,Carapau,8:26,15.5,NR,NR,NR,NR,-12.23130302,40.63687499,NR,28.753,Analysis,25.2803,3.3,60,28.2,13255.621,Reef low,38,5,Dasyatidae,Taeniura,lymma,Taeniura lymma,1,No,
Pemba,18-11_Pemba,18-11_Pemba_033,11/26/2018,Matemo,Protected,Carapau,8:33,14,NR,NR,NR,NR,-12.22805704,40.63588802,NR,5.3413,Analysis,0,5.2,60,28.06,6884.236,Reef high,35,2,,,, ,,,
Pemba,18-11_Pemba,18-11_Pemba_035,11/26/2018,Matemo,Protected,Carapau,11:16,9,NR,NR,NR,NR,-12.15138601,40.58102603,NR,2.8933,Analysis,0,5.3,60,28.05,10287.214,Reef high,60,5,,,, ,,,
Pemba,18-11_Pemba,18-11_Pemba_036,11/26/2018,Matemo,Protected,Carapau,11:21,7.5,NR,NR,NR,NR,-12.14758499,40.58011802,NR,2.8103,Analysis,0,2.5,60,27.97,8523.221,Reef high,20,10,,,, ,,,
Pemba,18-11_Pemba,18-11_Pemba_037,11/26/2018,Matemo,Protected,Carapau,11:33,10,NR,NR,NR,NR,-12.13888801,40.58219296,NR,10.8713,Analysis,0,10.5,60,NR,8556.322,Reef high,34,10,,,, ,,,
Pemba,18-11_Pemba,18-11_Pemba_038,11/26/2018,Matemo,Protected,Carapau,12:52,14.5,NR,NR,NR,NR,-12.12742299,40.582746,NR,3.0557,Analysis,0,3,60,27.99,7489.236,Reef high,NR,10,,,, ,,,
Pemba,18-11_Pemba,18-11_Pemba_039,11/26/2018,Matemo,Protected,Carapau,12:57,14.5,NR,NR,NR,NR,-12.12393201,40.58453402,NR,3.1447,Analysis,0,3.1,60,28.43,8851.214,Reef low,0,1,,,, ,,,
Pemba,18-11_Pemba,18-11_Pemba_040,11/26/2018,Matemo,Protected,Carapau,13:03,15,NR,NR,NR,NR,-12.12040801,40.58588301,NR,3.474,Analysis,0,3.3,60,27.35,7885.11,Patch-reef low,39,1,,,, ,,,
Pemba,18-11_Pemba,18-11_Pemba_041,11/26/2018,Matemo,Protected,Carapau,14:41,19.6,NR,NR,NR,NR,-12.11372696,40.60990999,NR,6.432,Analysis,0,6.3,60,27.97,11404.265,Reef high,36,15,,,, ,,,
Pemba,18-11_Pemba,18-11_Pemba_042,11/26/2018,Matemo,Protected,Carapau,14:50,16,NR,NR,NR,NR,-12.11096898,40.61191301,NR,6.306,,,6.2,60,28.08,9541.22,Reef high,38,40,,,, ,,,
Pemba,18-11_Pemba,18-11_Pemba_043,11/26/2018,Matemo,Protected,Carapau,14:57,15.5,NR,NR,NR,NR,-12.10760398,40.61381201,NR,4.5513,Analysis,0,4.3,60,27.19,9652.222,Reef high,28,60,,,, ,,,
Pemba,18-11_Pemba,18-11_Pemba_044,11/27/2018,Situ,Protected,Carapau,8:31,7,NR,NR,NR,NR,-12.57105198,40.610387,NR,11.3153,Analysis,0,11.2,60,27.19,6895.245,Seagrass,42,5,,,, ,,,
Pemba,18-11_Pemba,18-11_Pemba_045,11/27/2018,Situ,Protected,Carapau,8:37,7,NR,NR,NR,NR,-12.57315902,40.60731,NR,4.2967,Analysis,0,4.2,60,27.32,8774.114,Seagrass,36,5,,,, ,,,
Pemba,18-11_Pemba,18-11_Pemba_046,11/27/2018,Situ,Protected,Carapau,8:43,7,NR,NR,NR,NR,-12.57581399,40.604979,NR,6.9483,Analysis,0,4,60,27.07,10778.445,Reef low,48,5,,,, ,,,
Pemba,18-11_Pemba,18-11_Pemba_047,11/30/2018,Pemba South,Exploited,Carapau,6:12,19,NR,NR,NR,NR,-12.97432797,40.60005203,NR,4.7617,Analysis,0,4.5,60,28.35,10878.252,Seagrass,34,5,,,, ,,,
Pemba,18-11_Pemba,18-11_Pemba_048,11/30/2018,Pemba South,Exploited,Carapau,6:22,19,NR,NR,NR,NR,-12.97672503,40.599586,NR,3.2737,Analysis,0,3.2,60,27.74,7996.556,Sand inundated reef,35,0,,,, ,,,
Pemba,18-11_Pemba,18-11_Pemba_049,11/30/2018,Pemba South,Exploited,Carapau,6:28,19,NR,NR,NR,NR,-12.97862202,40.59927704,NR,3.9823,Analysis,0,3.6,60,28.386,8770.203,Sand inundated reef,34,0,,,, ,,,
Pemba,18-11_Pemba,18-11_Pemba_050,11/30/2018,Pemba South,Exploited,Carapau,7:42,10,NR,NR,NR,NR,-12.98270199,40.59752103,NR,3.8703,Analysis,0,3.5,60,26.79,12001.214,Patch-reef high,6,10,,,, ,,,
Pemba,18-11_Pemba,18-11_Pemba_051,11/30/2018,Pemba South,Exploited,Carapau,7:48,14,NR,NR,NR,NR,-12.98708296,40.59783401,NR,3.2123,Analysis,0,3.1,60,26.84,7741.256,Reef low,36,15,,,, ,,,
Pemba,18-11_Pemba,18-11_Pemba_052,11/30/2018,Pemba South,Exploited,Carapau,7:54,11,NR,NR,NR,NR,-12.99102296,40.59707,NR,3.254,Analysis,0,3.2,60,26.85,8543.306,Patch-reef low,16,5,,,, ,,,
Pemba,18-11_Pemba,18-11_Pemba_053,11/30/2018,Pemba South,Exploited,Carapau,9:52,18.5,NR,NR,NR,NR,-13.045966,40.58926703,NR,3.1537,Analysis,0,3.1,60,27.06,6855.254,Reef low,40,3,,,, ,,,
Pemba,18-11_Pemba,18-11_Pemba_054,11/30/2018,Pemba South,Exploited,Carapau,9:59,12,NR,NR,NR,NR,-13.05029299,40.58541496,NR,5.6217,Analysis,0,5.4,60,27.19,8415.236,Reef high,14,35,,,, ,,,
Pemba,18-11_Pemba,18-11_Pemba_055,11/30/2018,Pemba South,Exploited,Carapau,10:06,16,NR,NR,NR,NR,-13.05510202,40.58508698,NR,5.4287,Analysis,0,5.3,60,27.32,8003.609,Sand inundated reef,33,2,,,, ,,,
Pemba,18-11_Pemba,18-11_Pemba_056,11/30/2018,Pemba South,Exploited,Carapau,11:33,14,NR,NR,NR,NR,-13.06287901,40.58289201,NR,4.2317,Analysis,0,4.1,60,27.33,8547.244,Sand inundated reef,41,0,,,, ,,,
Pemba,18-11_Pemba,18-11_Pemba_057,11/30/2018,Pemba South,Exploited,Carapau,11:42,12.5,NR,NR,NR,NR,-13.06756801,40.58081699,NR,7.1437,Analysis,0,7.1,60,27.48,7701.232,Patch-reef high,42,5,,,, ,,,
Pemba,18-11_Pemba,18-11_Pemba_058,11/30/2018,Pemba South,Exploited,Carapau,11:51,15,NR,NR,NR,NR,-13.07301499,40.58074398,NR,6.0637,Analysis,0,6,60,27.43,9778.543,Patch-reef low,17,5,,,, ,,,
Pemba,18-11_Pemba,18-11_Pemba_059,11/30/2018,Pemba South,Exploited,Carapau,13:14,15,NR,NR,NR,NR,-13.09898104,40.58082503,NR,2.949,Analysis,0,2.6,60,27.58,9787.388,Reef low,47,0,,,, ,,,
Pemba,18-11_Pemba,18-11_Pemba_060,11/30/2018,Pemba South,Exploited,Carapau,13:21,14.5,NR,NR,NR,NR,-13.10522497,40.58102402,NR,5.5933,Analysis,0,3.4,60,27.6,9980.325,Reef high,42,5,,,, ,,,
Pemba,18-11_Pemba,18-11_Pemba_061,11/30/2018,Pemba South,Exploited,Carapau,13:28,15,NR,NR,NR,NR,-13.10907503,40.58199598,NR,13.3773,Analysis,8.3423,5,60,27.32,10050.2,Reef low,55,5,Dasyatidae,Neotrygon,caeruleopunctata ,Neotrygon caeruleopunctata ,1,No,
Pemba,18-11_Pemba,18-11_Pemba_062,11/30/2018,Pemba South,Exploited,Carapau,14:54,15.5,NR,NR,NR,NR,-13.11661002,40.58038004,NR,26.5833,Analysis,18.3937,8.1,60,27.37,7414.214,Reef low,44,0,Dasyatidae,Taeniura,lymma,Taeniura lymma,1,No,
Pemba,18-11_Pemba,18-11_Pemba_063,11/30/2018,Pemba South,Exploited,Carapau,15:01,16,NR,NR,NR,NR,-13.12098504,40.57828196,NR,3.9983,Analysis,0,4,60,27.31,7466.323,Seagrass,30,40,,,, ,,,
Pemba,18-11_Pemba,18-11_Pemba_064,11/30/2018,Pemba South,Exploited,Carapau,15:09,16,NR,NR,NR,NR,-13.12564303,40.57718804,NR,3.3297,Analysis,0,3.2,60,27.3,7005.206,Seagrass,45,5,,,, ,,,
Pemba,18-11_Pemba,18-11_Pemba_065,12/1/2018,Pemba South,Exploited,Carapau,6:30,16,NR,NR,NR,NR,-13.38691701,40.594683,NR,7.8403,Analysis,0,7.5,60,27.18,12474.579,Reef high,72,5,,,, ,,,
Pemba,18-11_Pemba,18-11_Pemba_066,12/1/2018,Pemba South,Exploited,Carapau,6:40,20,NR,NR,NR,NR,-13.38192299,40.59616199,NR,4.5783,Analysis,0,4.3,60,27.28,6414.155,Sand,38,0,,,, ,,,
Pemba,18-11_Pemba,18-11_Pemba_067,12/1/2018,Pemba South,Exploited,Carapau,6:51,14.5,NR,NR,NR,NR,-13.37809204,40.59473799,NR,7.4637,Analysis,0,7.3,60,27.28,7008.255,Reef high,85,2,,,, ,,,
Pemba,18-11_Pemba,18-11_Pemba_068,12/1/2018,Pemba South,Exploited,Carapau,8:06,20,NR,NR,NR,NR,-13.37223996,40.596294,NR,2.5027,Analysis,0.0073,2.3,46,27.07,6747.221,Sand,46,0,,,, ,,,
Pemba,18-11_Pemba,18-11_Pemba_069,12/1/2018,Pemba South,Exploited,Carapau,8:12,14,NR,NR,NR,NR,-13.368507,40.595388,NR,3.854,Analysis,0,3.5,60,27.11,12405.669,Patch-reef high,55,15,,,, ,,,
Pemba,18-11_Pemba,18-11_Pemba_070,12/1/2018,Pemba South,Exploited,Carapau,8:18,19,NR,NR,NR,NR,-13.36449802,40.596207,NR,3.7123,Analysis,0,3.4,60,27.49,11056.099,Reef low,47,3,,,, ,,,
Pemba,18-11_Pemba,18-11_Pemba_071,12/1/2018,Pemba South,Exploited,Carapau,9:59,13,NR,NR,NR,NR,-13.33973,40.588701,NR,4.98,Analysis,0,4.6,60,27.48,7898.546,Patch-reef low,43,2,,,, ,,,
Pemba,18-11_Pemba,18-11_Pemba_072,12/1/2018,Pemba South,Exploited,Carapau,10:05,10,NR,NR,NR,NR,-13.33534098,40.58719796,NR,4.344,Analysis,0,4.2,60,27.6,7005.23,Sand,40,0,,,, ,,,
Pemba,18-11_Pemba,18-11_Pemba_073,12/1/2018,Pemba South,Exploited,Carapau,10:11,12,NR,NR,NR,NR,-13.32962796,40.58589499,NR,4.214,Analysis,0,4.1,60,27.74,8007.402,Sand,46,0,,,, ,,,
Pemba,18-11_Pemba,18-11_Pemba_074,12/1/2018,Pemba South,Exploited,Carapau,11:29,15.5,NR,NR,NR,NR,-13.32391603,40.58560397,NR,2.9807,Analysis,0,2.6,60,27.41,6787.252,Seagrass,49,2,,,, ,,,
Pemba,18-11_Pemba,18-11_Pemba_075,12/1/2018,Pemba South,Exploited,Carapau,11:35,13.5,NR,NR,NR,NR,-13.31795599,40.58095302,NR,3.7347,Analysis,0,3.4,60,27.44,7041.144,Reef low,38,0,,,, ,,,
Pemba,18-11_Pemba,18-11_Pemba_076,12/1/2018,Pemba South,Exploited,Carapau,11:42,14,NR,NR,NR,NR,-13.31278302,40.57840903,NR,5.1553,Analysis,0,5.1,60,27.45,7063.231,Sand inundated reef,48,0,,,, ,,,
Pemba,18-11_Pemba,18-11_Pemba_077,12/1/2018,Pemba South,Exploited,Carapau,13:12,20,NR,NR,NR,NR,-13.28435596,40.57817199,NR,6.041,Analysis,0,6,60,27.84,7454.253,Sand,48,0,,,, ,,,
Pemba,18-11_Pemba,18-11_Pemba_078,12/1/2018,Pemba South,Exploited,Carapau,13:18,22.5,NR,NR,NR,NR,-13.27947401,40.57635002,NR,3.615,Analysis,0,3.3,60,27.46,11001.222,Sand inundated reef,42,0,,,, ,,,
Pemba,18-11_Pemba,18-11_Pemba_079,12/1/2018,Pemba South,Exploited,Carapau,13:24,18.5,NR,NR,NR,NR,-13.27482599,40.573211,NR,3.4163,Analysis,0,3.2,60,27.51,8906.3,Sand inundated reef,43,0,,,, ,,,
Pemba,18-11_Pemba,18-11_Pemba_080,12/2/2018,Pemba South,Exploited,Carapau,10:25,20,NR,NR,NR,NR,-13.13509497,40.575901,NR,5.8013,Analysis,0,5.5,60,27.43,6474.562,Sand inundated reef,46,0,,,, ,,,
Pemba,18-11_Pemba,18-11_Pemba_081,12/2/2018,Pemba South,Exploited,Carapau,10:31,19.5,NR,NR,NR,NR,-13.13762697,40.57476802,NR,3.0947,Analysis,0,3.1,60,27.66,4002.001,Sand inundated reef,44,0,,,, ,,,
Pemba,18-11_Pemba,18-11_Pemba_082,12/2/2018,Pemba South,Exploited,Carapau,10:37,18,NR,NR,NR,NR,-13.14006602,40.57307697,NR,3.0427,Analysis,0,3,60,27.78,7002.306,Seagrass,43,5,,,, ,,,
Pemba,18-11_Pemba,18-11_Pemba_083,12/2/2018,Pemba South,Exploited,Carapau,11:50,17,NR,NR,NR,NR,-13.14194097,40.572105,NR,3.0393,Analysis,0,3,57,27.65,6542.323,Patch-reef low,37,0,,,, ,,,
Pemba,18-11_Pemba,18-11_Pemba_084,12/2/2018,Pemba South,Exploited,Carapau,11:54,17,NR,NR,NR,NR,-13.14399001,40.572119,NR,3.445,Analysis,0,3.2,60,27.71,5580.688,Reef low,40,0,,,, ,,,
Pemba,18-11_Pemba,18-11_Pemba_085,12/2/2018,Pemba South,Exploited,Carapau,11:59,16,NR,NR,NR,NR,-13.14618599,40.57250197,NR,3.5913,Analysis,0,3.3,60,27.76,7063.255,Reef high,47,10,,,, ,,,
Pemba,18-11_Pemba,18-11_Pemba_086,12/2/2018,Pemba South,Exploited,Carapau,13:10,18,NR,NR,NR,NR,-13.14963103,40.57205203,NR,2.7117,Analysis,0,2.4,60,27.77,5023.232,Sand inundated reef,54,0,,,, ,,,
Pemba,18-11_Pemba,18-11_Pemba_087,12/2/2018,Pemba South,Exploited,Carapau,13:16,18,NR,NR,NR,NR,-13.15324003,40.57123404,NR,4.6267,Analysis,0,4.45,60,27.92,6985.222,Patch-reef low,42,0,,,, ,,,
Pemba,18-11_Pemba,18-11_Pemba_088,12/2/2018,Pemba South,Exploited,Carapau,13:22,14,NR,NR,NR,NR,-13.15671399,40.57114896,NR,4.1457,Analysis,0,4.1,60,27.92,6035.24,Sand inundated reef,48,0,,,, ,,,
Pemba,18-11_Pemba,18-11_Pemba_089,12/3/2018,Pemba North,Exploited,Carapau,6:58,17,NR,NR,NR,NR,-12.81108102,40.59247001,NR,4.0397,Analysis,0,4,60,27.81,12369.356,Reef high,40,15,,,, ,,,
Pemba,18-11_Pemba,18-11_Pemba_090,12/3/2018,Pemba North,Exploited,Carapau,7:05,18.5,NR,NR,NR,NR,-12.81335101,40.58867301,NR,2.752,Analysis,0,2.5,60,27.94,10066.67,Sand,41,0,,,, ,,,
Pemba,18-11_Pemba,18-11_Pemba_091,12/3/2018,Pemba North,Exploited,Carapau,7:17,23.5,NR,NR,NR,NR,-12.81604,40.58537004,NR,2.0217,Analysis,0,2,60,27.97,10582.2,Reef low,41,2,,,, ,,,
Pemba,18-11_Pemba,18-11_Pemba_092,12/3/2018,Pemba North,Exploited,Carapau,8:38,11.6,NR,NR,NR,NR,-12.82395797,40.56743704,NR,1.8427,Analysis,0,1.5,60,27.69,9003.605,Reef low,22,5,,,, ,,,
Pemba,18-11_Pemba,18-11_Pemba_093,12/3/2018,Pemba North,Exploited,Carapau,8:44,15.3,NR,NR,NR,NR,-12.82827398,40.56568203,NR,4.6,Analysis,0,3.4,60,27.69,7058.886,Reef low,46,5,,,, ,,,
Pemba,18-11_Pemba,18-11_Pemba_094,12/3/2018,Pemba North,Exploited,Carapau,8:48,15.5,NR,NR,NR,NR,-12.83164401,40.56236104,NR,3.679,Analysis,0,3.4,60,27.62,9895.253,Reef low,38,10,,,, ,,,
Pemba,18-11_Pemba,18-11_Pemba_095,12/3/2018,Pemba North,Exploited,Carapau,10:06,14.5,NR,NR,NR,NR,-12.83421398,40.55897702,NR,2.4057,Analysis,0,2.2,60,28.06,8414.213,Patch-reef low,39,10,,,, ,,,
Pemba,18-11_Pemba,18-11_Pemba_096,12/3/2018,Pemba North,Exploited,Carapau,10:12,13.5,NR,NR,NR,NR,-12.83755803,40.55578401,NR,28.944,Analysis,25.0133,3.6,60,27.96,NR,Reef low,40,5,Dasyatidae,Taeniura,lymma,Taeniura lymma,1,No,
Pemba,18-11_Pemba,18-11_Pemba_097,12/3/2018,Pemba North,Exploited,Carapau,10:17,14.7,NR,NR,NR,NR,-12.84119301,40.55300801,NR,3.3193,Analysis,0,3.2,60,27.72,7052.023,Sand,39,0,,,, ,,,
Pemba,18-11_Pemba,18-11_Pemba_098,12/3/2018,Pemba North,Exploited,Carapau,11:37,18.7,NR,NR,NR,NR,-12.85790702,40.54846896,NR,2.187,Analysis,0,2.1,60,27.7,6052.322,Patch-reef low,44,5,,,, ,,,
Pemba,18-11_Pemba,18-11_Pemba_099,12/3/2018,Pemba North,Exploited,Carapau,11:42,17.2,NR,NR,NR,NR,-12.86267499,40.54667599,NR,3.8023,Analysis,0,3.5,60,27.84,8999.771,Patch-reef low,35,10,,,, ,,,
Pemba,18-11_Pemba,18-11_Pemba_100,12/3/2018,Pemba North,Exploited,Carapau,11:47,18,NR,NR,NR,NR,-12.86755099,40.54416602,NR,23.9467,Analysis,20.264,3.4,60,28.09,9874.451,Reef low,46,2,Dasyatidae,Neotrygon,caeruleopunctata ,Neotrygon caeruleopunctata ,1,No,
Pemba,18-11_Pemba,18-11_Pemba_101,12/3/2018,Pemba North,Exploited,Carapau,13:05,20.5,NR,NR,NR,NR,-12.87272103,40.54107101,NR,1.8343,Analysis,0,1.5,60,27.62,10410.11,Patch-reef low,43,0,,,, ,,,
Pemba,18-11_Pemba,18-11_Pemba_102,12/3/2018,Pemba North,Exploited,Carapau,13:10,20,NR,NR,NR,NR,-12.87657201,40.536928,NR,4.316,Analysis,0,4.2,60,28.01,7655.362,Reef low,38,0,,,, ,,,
Pemba,18-11_Pemba,18-11_Pemba_103,12/3/2018,Pemba North,Exploited,Carapau,13:16,17.1,NR,NR,NR,NR,-12.881215,40.53439398,NR,22.4367,Analysis,17.856,4.3,60,27.42,7145.112,Patch-reef low,44,0,Dasyatidae,Taeniura,lymma,Taeniura lymma,1,No,
